日期,利率,涨跌,品类
2021-10-08,0.0726,0.238,隔夜
2021-09-29,0.0703,-0.138,隔夜
2021-09-28,0.0716,0.125,隔夜
2021-09-27,0.0704,-0.212,隔夜
2021-09-24,0.0725,0.062,隔夜
2021-09-23,0.0719,-0.062,隔夜
2021-09-22,0.0725,0.575,隔夜
2021-09-21,0.0668,-0.513,隔夜
2021-09-20,0.0719,0.113,隔夜
2021-09-17,0.0708,-0.35,隔夜
2021-09-16,0.0743,0.212,隔夜
2021-09-15,0.0721,0.025,隔夜
2021-09-14,0.0719,-0.15,隔夜
2021-09-13,0.0734,0.175,隔夜
2021-09-10,0.0716,-0.025,隔夜
2021-09-09,0.0719,0.225,隔夜
2021-09-08,0.0696,-0.325,隔夜
2021-09-07,0.0729,0.213,隔夜
2021-09-03,0.0708,-0.275,隔夜
2021-09-02,0.0735,0.062,隔夜
2021-09-01,0.0729,-0.05,隔夜
2021-08-31,0.0734,-0.275,隔夜
2021-08-27,0.0761,0.038,隔夜
2021-08-26,0.0758,-0.063,隔夜
2021-08-25,0.0764,-0.125,隔夜
2021-08-24,0.0776,-0.012,隔夜
2021-08-23,0.0778,0.037,隔夜
2021-08-20,0.0774,-0.112,隔夜
2021-08-19,0.0785,-0.013,隔夜
2021-08-18,0.0786,0.075,隔夜
2021-08-17,0.0779,-0.037,隔夜
2021-08-16,0.0783,0.062,隔夜
2021-08-13,0.0776,-0.037,隔夜
2021-08-12,0.078,-0.063,隔夜
2021-08-11,0.0786,0.0,隔夜
2021-08-10,0.0786,-0.012,隔夜
2021-08-09,0.0788,0.025,隔夜
2021-08-06,0.0785,-0.05,隔夜
2021-08-05,0.079,-0.25,隔夜
2021-08-04,0.0815,0.012,隔夜
2021-08-03,0.0814,0.188,隔夜
2021-08-02,0.0795,0.262,隔夜
2021-07-30,0.0769,-0.25,隔夜
2021-07-29,0.0794,-0.025,隔夜
2021-07-28,0.0796,-0.125,隔夜
2021-07-27,0.0809,-0.012,隔夜
2021-07-26,0.081,0.087,隔夜
2021-07-23,0.0801,-0.325,隔夜
2021-07-22,0.0834,-0.05,隔夜
2021-07-21,0.0839,-0.162,隔夜
2021-07-20,0.0855,-0.05,隔夜
2021-07-19,0.086,0.025,隔夜
2021-07-16,0.0858,0.012,隔夜
2021-07-15,0.0856,0.025,隔夜
2021-07-14,0.0854,-0.025,隔夜
2021-07-13,0.0856,-0.112,隔夜
2021-07-12,0.0868,0.012,隔夜
2021-07-09,0.0866,0.05,隔夜
2021-07-08,0.0861,0.1,隔夜
2021-07-07,0.0851,0.35,隔夜
2021-07-06,0.0816,0.113,隔夜
2021-07-02,0.0805,0.0,隔夜
2021-07-01,0.0805,-0.6,隔夜
2021-06-30,0.0865,0.337,隔夜
2021-06-29,0.0831,-0.062,隔夜
2021-06-28,0.0838,0.037,隔夜
2021-06-25,0.0834,-0.162,隔夜
2021-06-24,0.085,-0.025,隔夜
2021-06-23,0.0853,-0.013,隔夜
2021-06-22,0.0854,0.063,隔夜
2021-06-21,0.0848,0.425,隔夜
2021-06-18,0.0805,1.725,隔夜
2021-06-17,0.0633,0.775,隔夜
2021-06-16,0.0555,-0.063,隔夜
2021-06-15,0.0561,0.075,隔夜
2021-06-14,0.0554,0.0,隔夜
2021-06-11,0.0554,-0.037,隔夜
2021-06-10,0.0558,0.112,隔夜
2021-06-09,0.0546,-0.037,隔夜
2021-06-08,0.055,0.0,隔夜
2021-06-07,0.055,-0.013,隔夜
2021-06-04,0.0551,0.05,隔夜
2021-06-03,0.0546,-0.037,隔夜
2021-06-02,0.055,0.075,隔夜
2021-06-01,0.0543,-0.688,隔夜
2021-05-28,0.0611,0.413,隔夜
2021-05-27,0.057,-0.188,隔夜
2021-05-26,0.0589,-0.175,隔夜
2021-05-25,0.0606,0.138,隔夜
2021-05-24,0.0593,-0.05,隔夜
2021-05-21,0.0598,-0.138,隔夜
2021-05-20,0.0611,-0.05,隔夜
2021-05-19,0.0616,-0.125,隔夜
2021-05-18,0.0629,0.05,隔夜
2021-05-17,0.0624,0.038,隔夜
2021-05-14,0.062,-0.025,隔夜
2021-05-13,0.0623,0.225,隔夜
2021-05-12,0.06,-0.063,隔夜
2021-05-11,0.0606,-0.275,隔夜
2021-05-10,0.0634,-0.075,隔夜
2021-05-07,0.0641,-0.012,隔夜
2021-05-06,0.0643,-0.363,隔夜
2021-05-05,0.0679,0.338,隔夜
2021-05-04,0.0645,-0.675,隔夜
2021-04-30,0.0713,-0.15,隔夜
2021-04-29,0.0728,-0.038,隔夜
2021-04-28,0.0731,-0.087,隔夜
2021-04-27,0.074,0.025,隔夜
2021-04-26,0.0738,0.037,隔夜
2021-04-23,0.0734,0.0,隔夜
2021-04-22,0.0734,0.125,隔夜
2021-04-21,0.0721,-0.075,隔夜
2021-04-20,0.0729,0.013,隔夜
2021-04-19,0.0728,0.0,隔夜
2021-04-16,0.0728,-0.05,隔夜
2021-04-15,0.0733,-0.038,隔夜
2021-04-14,0.0736,-0.112,隔夜
2021-04-13,0.0748,0.125,隔夜
2021-04-12,0.0735,-0.125,隔夜
2021-04-09,0.0748,-0.013,隔夜
2021-04-08,0.0749,-0.137,隔夜
2021-04-07,0.0763,-0.163,隔夜
2021-04-06,0.0779,0.313,隔夜
2021-04-01,0.0748,-0.588,隔夜
2021-03-31,0.0806,0.363,隔夜
2021-03-30,0.077,0.412,隔夜
2021-03-29,0.0729,-0.05,隔夜
2021-03-26,0.0734,-0.212,隔夜
2021-03-25,0.0755,-0.088,隔夜
2021-03-24,0.0764,-0.05,隔夜
2021-03-23,0.0769,0.025,隔夜
2021-03-22,0.0766,-0.025,隔夜
2021-03-19,0.0769,-0.187,隔夜
2021-03-18,0.0788,0.075,隔夜
2021-03-17,0.078,-0.05,隔夜
2021-03-16,0.0785,0.05,隔夜
2021-03-15,0.078,-0.013,隔夜
2021-03-12,0.0781,0.0,隔夜
2021-03-11,0.0781,0.088,隔夜
2021-03-10,0.0773,0.012,隔夜
2021-03-09,0.0771,-0.05,隔夜
2021-03-08,0.0776,0.0,隔夜
2021-03-05,0.0776,-0.05,隔夜
2021-03-04,0.0781,-0.037,隔夜
2021-03-03,0.0785,-0.038,隔夜
2021-03-02,0.0789,-0.062,隔夜
2021-03-01,0.0795,-0.45,隔夜
2021-02-26,0.084,0.362,隔夜
2021-02-25,0.0804,0.025,隔夜
2021-02-24,0.0801,-0.037,隔夜
2021-02-23,0.0805,-0.075,隔夜
2021-02-22,0.0813,0.312,隔夜
2021-02-19,0.0781,-0.2,隔夜
2021-02-18,0.0801,-0.05,隔夜
2021-02-17,0.0806,-0.087,隔夜
2021-02-16,0.0815,0.187,隔夜
2021-02-12,0.0796,-0.012,隔夜
2021-02-11,0.0798,-0.013,隔夜
2021-02-10,0.0799,0.0,隔夜
2021-02-09,0.0799,-0.137,隔夜
2021-02-08,0.0813,-0.163,隔夜
2021-02-05,0.0829,-0.012,隔夜
2021-02-04,0.083,0.012,隔夜
2021-02-03,0.0829,0.175,隔夜
2021-02-02,0.0811,0.188,隔夜
2021-02-01,0.0793,0.05,隔夜
2021-01-29,0.0788,-0.05,隔夜
2021-01-28,0.0793,-0.363,隔夜
2021-01-27,0.0829,-0.087,隔夜
2021-01-26,0.0838,-0.088,隔夜
2021-01-25,0.0846,-0.162,隔夜
2021-01-22,0.0863,-0.075,隔夜
2021-01-21,0.087,0.037,隔夜
2021-01-20,0.0866,0.15,隔夜
2021-01-19,0.0851,-0.15,隔夜
2021-01-15,0.0866,-0.012,隔夜
2021-01-14,0.0868,0.075,隔夜
2021-01-13,0.086,0.012,隔夜
2021-01-12,0.0859,-0.1,隔夜
2021-01-11,0.0869,0.013,隔夜
2021-01-08,0.0868,0.0,隔夜
2021-01-07,0.0868,0.025,隔夜
2021-01-06,0.0865,0.012,隔夜
2021-01-05,0.0864,0.175,隔夜
2021-01-04,0.0846,0.7,隔夜
2020-12-31,0.0776,-0.8,隔夜
2020-12-30,0.0856,-0.175,隔夜
2020-12-29,0.0874,0.638,隔夜
2020-12-24,0.081,-0.463,隔夜
2020-12-23,0.0856,0.05,隔夜
2020-12-22,0.0851,0.05,隔夜
2020-12-21,0.0846,0.025,隔夜
2020-12-18,0.0844,-0.1,隔夜
2020-12-17,0.0854,0.413,隔夜
2020-12-16,0.0813,-0.075,隔夜
2020-12-15,0.082,-0.05,隔夜
2020-12-14,0.0825,-0.075,隔夜
2020-12-11,0.0833,0.037,隔夜
2020-12-10,0.0829,0.025,隔夜
2020-12-09,0.0826,0.013,隔夜
2020-12-08,0.0825,-0.038,隔夜
2020-12-07,0.0829,0.013,隔夜
2020-12-03,0.0828,0.125,隔夜
2020-12-02,0.0815,0.1,隔夜
2020-12-01,0.0805,-0.45,隔夜
2020-11-30,0.085,0.475,隔夜
2020-11-27,0.0803,0.025,隔夜
2020-11-25,0.08,-0.013,隔夜
2020-11-24,0.0801,-0.187,隔夜
2020-11-23,0.082,-0.063,隔夜
2020-11-20,0.0826,0.025,隔夜
2020-11-19,0.0824,0.013,隔夜
2020-11-18,0.0823,0.012,隔夜
2020-11-17,0.0821,-0.15,隔夜
2020-11-16,0.0836,0.038,隔夜
2020-11-13,0.0833,0.175,隔夜
2020-11-12,0.0815,-0.338,隔夜
2020-11-10,0.0849,0.375,隔夜
2020-11-09,0.0811,-0.15,隔夜
2020-11-06,0.0826,0.125,隔夜
2020-11-05,0.0814,-0.012,隔夜
2020-11-04,0.0815,-0.05,隔夜
2020-11-03,0.082,0.087,隔夜
2020-11-02,0.0811,-0.025,隔夜
2020-10-30,0.0814,0.038,隔夜
2020-10-29,0.081,0.075,隔夜
2020-10-28,0.0803,-0.138,隔夜
2020-10-27,0.0816,0.1,隔夜
2020-10-26,0.0806,-0.075,隔夜
2020-10-23,0.0814,-0.275,隔夜
2020-10-22,0.0841,0.35,隔夜
2020-10-21,0.0806,0.025,隔夜
2020-10-20,0.0804,-0.05,隔夜
2020-10-19,0.0809,-0.025,隔夜
2020-10-16,0.0811,-0.012,隔夜
2020-10-15,0.0813,0.037,隔夜
2020-10-14,0.0809,0.088,隔夜
2020-10-13,0.08,-0.175,隔夜
2020-10-09,0.0818,-0.088,隔夜
2020-10-08,0.0826,0.088,隔夜
2020-10-07,0.0818,0.025,隔夜
2020-10-06,0.0815,0.012,隔夜
2020-10-05,0.0814,0.013,隔夜
2020-10-02,0.0813,-0.05,隔夜
2020-10-01,0.0818,0.375,隔夜
2020-09-30,0.078,-0.375,隔夜
2020-09-29,0.0818,0.012,隔夜
2020-09-28,0.0816,0.15,隔夜
2020-09-25,0.0801,-0.062,隔夜
2020-09-24,0.0808,0.037,隔夜
2020-09-23,0.0804,-0.225,隔夜
2020-09-22,0.0826,0.013,隔夜
2020-09-21,0.0825,-0.063,隔夜
2020-09-18,0.0831,0.088,隔夜
2020-09-17,0.0823,-0.025,隔夜
2020-09-16,0.0825,-0.075,隔夜
2020-09-15,0.0833,-0.063,隔夜
2020-09-14,0.0839,0.088,隔夜
2020-09-11,0.083,-0.113,隔夜
2020-09-10,0.0841,0.2,隔夜
2020-09-09,0.0821,0.275,隔夜
2020-09-08,0.0794,-0.225,隔夜
2020-09-04,0.0816,-0.075,隔夜
2020-09-03,0.0824,-0.012,隔夜
2020-09-02,0.0825,0.125,隔夜
2020-09-01,0.0813,0.037,隔夜
2020-08-28,0.0809,-0.112,隔夜
2020-08-27,0.082,0.025,隔夜
2020-08-26,0.0818,0.037,隔夜
2020-08-25,0.0814,-0.037,隔夜
2020-08-24,0.0818,0.0,隔夜
2020-08-21,0.0818,-0.125,隔夜
2020-08-20,0.083,-0.163,隔夜
2020-08-19,0.0846,0.1,隔夜
2020-08-18,0.0836,-0.112,隔夜
2020-08-17,0.0848,-0.075,隔夜
2020-08-14,0.0855,0.062,隔夜
2020-08-13,0.0849,-0.05,隔夜
2020-08-12,0.0854,0.013,隔夜
2020-08-11,0.0853,-0.075,隔夜
2020-08-10,0.086,0.087,隔夜
2020-08-07,0.0851,-0.062,隔夜
2020-08-06,0.0858,0.237,隔夜
2020-08-05,0.0834,-0.562,隔夜
2020-08-04,0.089,0.475,隔夜
2020-08-03,0.0843,-0.3,隔夜
2020-07-31,0.0873,0.225,隔夜
2020-07-30,0.085,0.087,隔夜
2020-07-29,0.0841,-0.062,隔夜
2020-07-28,0.0848,-0.038,隔夜
2020-07-27,0.0851,0.025,隔夜
2020-07-24,0.0849,-0.075,隔夜
2020-07-23,0.0856,-0.025,隔夜
2020-07-22,0.0859,0.063,隔夜
2020-07-21,0.0853,-0.025,隔夜
2020-07-20,0.0855,-0.013,隔夜
2020-07-17,0.0856,-0.112,隔夜
2020-07-16,0.0868,0.25,隔夜
2020-07-15,0.0843,0.675,隔夜
2020-07-14,0.0775,-0.45,隔夜
2021-10-08,0.076,0.35,1周
2021-09-29,0.0725,0.062,1周
2021-09-28,0.0719,0.138,1周
2021-09-27,0.0705,-0.088,1周
2021-09-24,0.0714,-0.175,1周
2021-09-23,0.0731,0.288,1周
2021-09-22,0.0703,-0.288,1周
2021-09-21,0.0731,-0.05,1周
2021-09-20,0.0736,0.025,1周
2021-09-17,0.0734,-0.075,1周
2021-09-16,0.0741,0.05,1周
2021-09-15,0.0736,0.013,1周
2021-09-14,0.0735,-0.125,1周
2021-09-13,0.0748,0.3,1周
2021-09-10,0.0718,0.062,1周
2021-09-09,0.0711,0.0,1周
2021-09-08,0.0711,0.213,1周
2021-09-07,0.069,-0.425,1周
2021-09-06,0.0733,-0.163,1周
2021-09-03,0.0749,-0.137,1周
2021-09-02,0.0763,-0.075,1周
2021-09-01,0.077,-0.15,1周
2021-08-31,0.0785,-0.438,1周
2021-08-27,0.0829,-0.125,1周
2021-08-26,0.0841,-0.162,1周
2021-08-25,0.0858,0.375,1周
2021-08-24,0.082,-0.15,1周
2021-08-23,0.0835,0.075,1周
2021-08-20,0.0828,-0.263,1周
2021-08-19,0.0854,-0.062,1周
2021-08-18,0.086,0.012,1周
2021-08-17,0.0859,-0.175,1周
2021-08-16,0.0876,0.063,1周
2021-08-13,0.087,0.05,1周
2021-08-12,0.0865,-0.05,1周
2021-08-11,0.087,0.075,1周
2021-08-10,0.0863,-0.375,1周
2021-08-09,0.09,0.337,1周
2021-08-06,0.0866,-0.087,1周
2021-08-05,0.0875,0.087,1周
2021-08-04,0.0866,0.113,1周
2021-08-03,0.0855,-0.163,1周
2021-08-02,0.0871,0.038,1周
2021-07-30,0.0868,-0.038,1周
2021-07-29,0.0871,0.0,1周
2021-07-28,0.0871,0.3,1周
2021-07-27,0.0841,0.1,1周
2021-07-26,0.0831,-0.125,1周
2021-07-23,0.0844,-0.35,1周
2021-07-22,0.0879,-0.025,1周
2021-07-21,0.0881,0.175,1周
2021-07-20,0.0864,-0.312,1周
2021-07-19,0.0895,-0.05,1周
2021-07-16,0.09,-0.025,1周
2021-07-15,0.0903,-0.175,1周
2021-07-14,0.092,0.412,1周
2021-07-13,0.0879,-0.012,1周
2021-07-12,0.088,-0.213,1周
2021-07-09,0.0901,-0.125,1周
2021-07-08,0.0914,-0.4,1周
2021-07-07,0.0954,0.463,1周
2021-07-06,0.0908,-0.088,1周
2021-07-05,0.0916,0.025,1周
2021-07-02,0.0914,-0.2,1周
2021-07-01,0.0934,0.05,1周
2021-06-30,0.0929,0.163,1周
2021-06-29,0.0913,-0.313,1周
2021-06-28,0.0944,0.0,1周
2021-06-25,0.0944,0.338,1周
2021-06-24,0.091,-0.263,1周
2021-06-23,0.0936,0.538,1周
2021-06-22,0.0883,-0.075,1周
2021-06-21,0.089,0.287,1周
2021-06-18,0.0861,0.888,1周
2021-06-17,0.0773,1.337,1周
2021-06-16,0.0639,-0.412,1周
2021-06-15,0.068,0.575,1周
2021-06-14,0.0623,0.262,1周
2021-06-11,0.0596,0.175,1周
2021-06-10,0.0579,-0.525,1周
2021-06-09,0.0631,0.35,1周
2021-06-08,0.0596,-0.162,1周
2021-06-07,0.0613,0.087,1周
2021-06-04,0.0604,-0.212,1周
2021-06-03,0.0625,0.237,1周
2021-06-02,0.0601,-0.087,1周
2021-06-01,0.061,0.3,1周
2021-05-28,0.058,-0.338,1周
2021-05-27,0.0614,0.325,1周
2021-05-26,0.0581,-0.362,1周
2021-05-25,0.0618,-0.05,1周
2021-05-24,0.0623,0.037,1周
2021-05-21,0.0619,-0.037,1周
2021-05-20,0.0623,-0.563,1周
2021-05-19,0.0679,-0.287,1周
2021-05-18,0.0708,0.325,1周
2021-05-17,0.0675,0.125,1周
2021-05-14,0.0663,-0.25,1周
2021-05-13,0.0688,-0.375,1周
2021-05-12,0.0725,0.125,1周
2021-05-11,0.0713,-0.025,1周
2021-05-10,0.0715,0.212,1周
2021-05-07,0.0694,-0.387,1周
2021-05-06,0.0733,-0.375,1周
2021-05-05,0.077,-0.375,1周
2021-05-04,0.0808,0.3,1周
2021-04-30,0.0778,-0.388,1周
2021-04-29,0.0816,-0.112,1周
2021-04-28,0.0828,-0.375,1周
2021-04-27,0.0865,0.225,1周
2021-04-26,0.0843,-0.1,1周
2021-04-23,0.0853,-0.213,1周
2021-04-22,0.0874,0.263,1周
2021-04-21,0.0848,-0.063,1周
2021-04-20,0.0854,0.425,1周
2021-04-19,0.0811,-0.675,1周
2021-04-16,0.0879,0.4,1周
2021-04-15,0.0839,-0.287,1周
2021-04-14,0.0868,0.45,1周
2021-04-13,0.0823,0.337,1周
2021-04-12,0.0789,-0.775,1周
2021-04-09,0.0866,0.138,1周
2021-04-08,0.0853,-0.063,1周
2021-04-07,0.0859,-0.025,1周
2021-04-06,0.0861,0.125,1周
2021-04-01,0.0849,-0.262,1周
2021-03-31,0.0875,0.125,1周
2021-03-30,0.0863,0.437,1周
2021-03-29,0.0819,-0.275,1周
2021-03-26,0.0846,-0.025,1周
2021-03-25,0.0849,-0.675,1周
2021-03-24,0.0916,1.075,1周
2021-03-23,0.0809,0.175,1周
2021-03-22,0.0791,-0.212,1周
2021-03-19,0.0813,-0.063,1周
2021-03-18,0.0819,-0.687,1周
2021-03-17,0.0888,0.387,1周
2021-03-16,0.0849,-0.475,1周
2021-03-15,0.0896,0.525,1周
2021-03-12,0.0844,0.0,1周
2021-03-11,0.0844,-0.225,1周
2021-03-10,0.0866,-0.15,1周
2021-03-09,0.0881,0.3,1周
2021-03-08,0.0851,-0.3,1周
2021-03-05,0.0881,0.175,1周
2021-03-04,0.0864,-0.4,1周
2021-03-03,0.0904,0.575,1周
2021-03-02,0.0846,-0.162,1周
2021-03-01,0.0863,-0.275,1周
2021-02-26,0.089,0.537,1周
2021-02-25,0.0836,-0.912,1周
2021-02-24,0.0928,0.25,1周
2021-02-23,0.0903,0.037,1周
2021-02-22,0.0899,0.138,1周
2021-02-19,0.0885,0.525,1周
2021-02-18,0.0833,-0.325,1周
2021-02-17,0.0865,0.012,1周
2021-02-16,0.0864,-0.337,1周
2021-02-15,0.0898,-0.15,1周
2021-02-12,0.0913,0.462,1周
2021-02-11,0.0866,-0.387,1周
2021-02-10,0.0905,0.512,1周
2021-02-09,0.0854,0.375,1周
2021-02-08,0.0816,-0.75,1周
2021-02-05,0.0891,-0.65,1周
2021-02-04,0.0956,0.063,1周
2021-02-03,0.095,1.0,1周
2021-02-02,0.085,0.187,1周
2021-02-01,0.0831,-1.025,1周
2021-01-29,0.0934,0.163,1周
2021-01-28,0.0918,-0.8,1周
2021-01-27,0.0998,0.812,1周
2021-01-26,0.0916,-0.525,1周
2021-01-25,0.0969,-0.125,1周
2021-01-22,0.0981,0.113,1周
2021-01-21,0.097,-0.363,1周
2021-01-20,0.1006,0.2,1周
2021-01-19,0.0986,-0.187,1周
2021-01-18,0.1005,-0.013,1周
2021-01-15,0.1006,0.238,1周
2021-01-14,0.0983,0.037,1周
2021-01-13,0.0979,-0.375,1周
2021-01-12,0.1016,0.275,1周
2021-01-11,0.0989,-0.325,1周
2021-01-08,0.1021,0.013,1周
2021-01-07,0.102,-0.088,1周
2021-01-06,0.1029,0.0,1周
2021-01-05,0.1029,0.563,1周
2021-01-04,0.0973,0.15,1周
2020-12-31,0.0958,0.112,1周
2020-12-30,0.0946,-0.762,1周
2020-12-29,0.1023,0.437,1周
2020-12-24,0.0979,-0.225,1周
2020-12-23,0.1001,-0.087,1周
2020-12-22,0.101,0.462,1周
2020-12-21,0.0964,-0.475,1周
2020-12-18,0.1011,-0.025,1周
2020-12-17,0.1014,0.063,1周
2020-12-16,0.1008,-0.125,1周
2020-12-15,0.102,0.375,1周
2020-12-14,0.0983,-0.113,1周
2020-12-11,0.0994,-0.425,1周
2020-12-10,0.1036,-0.162,1周
2020-12-09,0.1053,-0.138,1周
2020-12-08,0.1066,0.888,1周
2020-12-07,0.0978,-0.563,1周
2020-12-03,0.1034,0.013,1周
2020-12-02,0.1033,0.237,1周
2020-12-01,0.1009,0.513,1周
2020-11-30,0.0958,0.287,1周
2020-11-27,0.0929,0.075,1周
2020-11-26,0.0921,-0.287,1周
2020-11-25,0.095,-0.013,1周
2020-11-24,0.0951,-0.612,1周
2020-11-23,0.1013,0.462,1周
2020-11-20,0.0966,-0.625,1周
2020-11-19,0.1029,0.0,1周
2020-11-18,0.1029,0.088,1周
2020-11-17,0.102,0.125,1周
2020-11-16,0.1008,-0.388,1周
2020-11-13,0.1046,0.325,1周
2020-11-12,0.1014,0.05,1周
2020-11-11,0.1009,-0.562,1周
2020-11-10,0.1065,0.462,1周
2020-11-09,0.1019,-0.062,1周
2020-11-06,0.1025,-0.225,1周
2020-11-05,0.1048,0.262,1周
2020-11-04,0.1021,-0.137,1周
2020-11-03,0.1035,-0.088,1周
2020-11-02,0.1044,0.075,1周
2020-10-30,0.1036,-0.15,1周
2020-10-29,0.1051,0.563,1周
2020-10-28,0.0995,0.575,1周
2020-10-27,0.0938,-0.875,1周
2020-10-26,0.1025,-0.025,1周
2020-10-23,0.1028,0.0,1周
2020-10-22,0.1028,-0.563,1周
2020-10-21,0.1084,0.488,1周
2020-10-20,0.1035,-0.313,1周
2020-10-19,0.1066,0.588,1周
2020-10-16,0.1008,-0.075,1周
2020-10-15,0.1015,0.162,1周
2020-10-14,0.0999,0.338,1周
2020-10-13,0.0965,-0.038,1周
2020-10-12,0.0969,0.2,1周
2020-10-09,0.0949,-0.087,1周
2020-10-08,0.0958,-0.35,1周
2020-10-07,0.0993,-0.013,1周
2020-10-06,0.0994,0.275,1周
2020-10-05,0.0966,0.388,1周
2020-10-02,0.0928,-0.325,1周
2020-10-01,0.096,-0.05,1周
2020-09-30,0.0965,-0.738,1周
2020-09-29,0.1039,-0.212,1周
2020-09-28,0.106,0.575,1周
2020-09-25,0.1003,-0.538,1周
2020-09-24,0.1056,0.325,1周
2020-09-23,0.1024,0.275,1周
2020-09-22,0.0996,-1.125,1周
2020-09-21,0.1109,1.063,1周
2020-09-18,0.1003,-0.325,1周
2020-09-17,0.1035,0.087,1周
2020-09-16,0.1026,-0.337,1周
2020-09-15,0.106,-0.088,1周
2020-09-14,0.1069,0.363,1周
2020-09-11,0.1033,-0.5,1周
2020-09-10,0.1083,-0.425,1周
2020-09-09,0.1125,0.375,1周
2020-09-08,0.1088,0.2,1周
2020-09-07,0.1068,-0.275,1周
2020-09-04,0.1095,0.7,1周
2020-09-03,0.1025,-0.063,1周
2020-09-02,0.1031,-0.362,1周
2020-09-01,0.1068,-0.15,1周
2020-08-28,0.1083,-0.425,1周
2020-08-27,0.1125,-0.113,1周
2020-08-26,0.1136,0.113,1周
2020-08-25,0.1125,0.762,1周
2020-08-24,0.1049,-0.175,1周
2020-08-21,0.1066,-0.575,1周
2020-08-20,0.1124,-0.25,1周
2020-08-19,0.1149,-0.675,1周
2020-08-18,0.1216,0.625,1周
2020-08-17,0.1154,0.575,1周
2020-08-14,0.1096,-0.725,1周
2020-08-13,0.1169,-0.012,1周
2020-08-12,0.117,0.575,1周
2020-08-11,0.1113,0.3,1周
2020-08-10,0.1083,-0.375,1周
2020-08-07,0.112,0.075,1周
2020-08-06,0.1113,0.025,1周
2020-08-05,0.111,0.15,1周
2020-08-04,0.1095,-0.288,1周
2020-08-03,0.1124,0.563,1周
2020-07-31,0.1068,-0.1,1周
2020-07-30,0.1078,-0.075,1周
2020-07-29,0.1085,-0.213,1周
2020-07-28,0.1106,0.213,1周
2020-07-27,0.1085,-0.225,1周
2020-07-24,0.1108,-0.463,1周
2021-10-08,0.0836,0.125,1月
2021-09-29,0.0824,-0.175,1月
2021-09-28,0.0841,-0.262,1月
2021-09-27,0.0868,0.162,1月
2021-09-24,0.0851,-0.087,1月
2021-09-23,0.086,0.275,1月
2021-09-22,0.0833,0.15,1月
2021-09-21,0.0818,-0.175,1月
2021-09-20,0.0835,0.0,1月
2021-09-17,0.0835,-0.388,1月
2021-09-16,0.0874,0.325,1月
2021-09-15,0.0841,-0.05,1月
2021-09-14,0.0846,0.088,1月
2021-09-13,0.0838,-0.013,1月
2021-09-10,0.0839,0.125,1月
2021-09-09,0.0826,-0.212,1月
2021-09-08,0.0848,0.162,1月
2021-09-07,0.0831,0.013,1月
2021-09-06,0.083,0.012,1月
2021-09-03,0.0829,0.0,1月
2021-09-02,0.0829,-0.037,1月
2021-09-01,0.0833,0.075,1月
2021-08-31,0.0825,-0.35,1月
2021-08-27,0.086,0.137,1月
2021-08-26,0.0846,-0.325,1月
2021-08-25,0.0879,-0.1,1月
2021-08-24,0.0889,0.45,1月
2021-08-23,0.0844,-0.15,1月
2021-08-20,0.0859,-0.2,1月
2021-08-19,0.0879,-0.05,1月
2021-08-18,0.0884,0.188,1月
2021-08-17,0.0865,-0.2,1月
2021-08-16,0.0885,-0.425,1月
2021-08-13,0.0928,-0.275,1月
2021-08-12,0.0955,-0.113,1月
2021-08-11,0.0966,0.013,1月
2021-08-10,0.0965,0.125,1月
2021-08-09,0.0953,0.012,1月
2021-08-06,0.0951,-0.062,1月
2021-08-05,0.0958,0.65,1月
2021-08-04,0.0893,-0.113,1月
2021-08-03,0.0904,0.075,1月
2021-08-02,0.0896,-0.087,1月
2021-07-30,0.0905,-0.525,1月
2021-07-29,0.0958,0.375,1月
2021-07-28,0.092,0.187,1月
2021-07-27,0.0901,0.288,1月
2021-07-26,0.0873,0.112,1月
2021-07-23,0.0861,-0.312,1月
2021-07-22,0.0893,0.262,1月
2021-07-21,0.0866,-0.237,1月
2021-07-20,0.089,0.375,1月
2021-07-19,0.0853,0.162,1月
2021-07-16,0.0836,-0.55,1月
2021-07-15,0.0891,-0.2,1月
2021-07-14,0.0911,-0.2,1月
2021-07-13,0.0931,-0.262,1月
2021-07-12,0.0958,-0.438,1月
2021-07-09,0.1001,-0.025,1月
2021-07-08,0.1004,-0.25,1月
2021-07-07,0.1029,0.075,1月
2021-07-06,0.1021,-0.2,1月
2021-07-05,0.1041,0.125,1月
2021-07-02,0.1029,0.038,1月
2021-07-01,0.1025,0.2,1月
2021-06-30,0.1005,0.025,1月
2021-06-29,0.1003,-0.4,1月
2021-06-28,0.1043,0.812,1月
2021-06-25,0.0961,0.113,1月
2021-06-24,0.095,0.35,1月
2021-06-23,0.0915,0.075,1月
2021-06-22,0.0908,-0.513,1月
2021-06-21,0.0959,0.488,1月
2021-06-18,0.091,-0.238,1月
2021-06-17,0.0934,1.088,1月
2021-06-16,0.0825,0.075,1月
2021-06-15,0.0818,0.712,1月
2021-06-14,0.0746,0.175,1月
2021-06-11,0.0729,0.025,1月
2021-06-10,0.0726,-0.2,1月
2021-06-09,0.0746,-0.237,1月
2021-06-08,0.077,-0.425,1月
2021-06-07,0.0813,0.0,1月
2021-06-04,0.0813,0.125,1月
2021-06-03,0.08,-0.55,1月
2021-06-02,0.0855,-0.325,1月
2021-06-01,0.0888,0.287,1月
2021-05-28,0.0859,-0.625,1月
2021-05-27,0.0921,-0.037,1月
2021-05-26,0.0925,0.25,1月
2021-05-25,0.09,-0.1,1月
2021-05-24,0.091,-0.063,1月
2021-05-21,0.0916,-0.087,1月
2021-05-20,0.0925,-0.4,1月
2021-05-19,0.0965,-0.275,1月
2021-05-18,0.0993,0.175,1月
2021-05-17,0.0975,0.0,1月
2021-05-14,0.0975,-0.338,1月
2021-05-13,0.1009,0.275,1月
2021-05-12,0.0981,0.438,1月
2021-05-11,0.0938,-0.438,1月
2021-05-10,0.0981,-0.325,1月
2021-05-07,0.1014,0.625,1月
2021-05-06,0.0951,-1.05,1月
2021-05-05,0.1056,-0.275,1月
2021-05-04,0.1084,0.113,1月
2021-04-30,0.1073,-0.288,1月
2021-04-29,0.1101,-0.312,1月
2021-04-28,0.1133,0.3,1月
2021-04-27,0.1103,-0.075,1月
2021-04-26,0.111,0.0,1月
2021-04-23,0.111,0.487,1月
2021-04-22,0.1061,-0.412,1月
2021-04-21,0.1103,0.275,1月
2021-04-20,0.1075,-0.625,1月
2021-04-19,0.1138,-0.213,1月
2021-04-16,0.1159,0.088,1月
2021-04-15,0.115,-0.063,1月
2021-04-14,0.1156,0.1,1月
2021-04-13,0.1146,0.238,1月
2021-04-12,0.1123,0.1,1月
2021-04-09,0.1113,0.075,1月
2021-04-08,0.1105,-0.2,1月
2021-04-07,0.1125,0.237,1月
2021-04-06,0.1101,-0.025,1月
2021-04-01,0.1104,-0.075,1月
2021-03-31,0.1111,-0.4,1月
2021-03-30,0.1151,0.663,1月
2021-03-29,0.1085,0.125,1月
2021-03-26,0.1073,-0.188,1月
2021-03-25,0.1091,-0.112,1月
2021-03-24,0.1103,0.162,1月
2021-03-23,0.1086,0.125,1月
2021-03-22,0.1074,-0.1,1月
2021-03-19,0.1084,-0.25,1月
2021-03-18,0.1109,0.063,1月
2021-03-17,0.1103,0.212,1月
2021-03-16,0.1081,0.063,1月
2021-03-15,0.1075,0.137,1月
2021-03-12,0.1061,0.013,1月
2021-03-11,0.106,0.012,1月
2021-03-10,0.1059,-0.125,1月
2021-03-09,0.1071,0.113,1月
2021-03-08,0.106,0.275,1月
2021-03-05,0.1033,-0.025,1月
2021-03-04,0.1035,0.05,1月
2021-03-03,0.103,-0.538,1月
2021-03-02,0.1084,-0.087,1月
2021-03-01,0.1093,-0.925,1月
2021-02-26,0.1185,0.337,1月
2021-02-25,0.1151,0.063,1月
2021-02-24,0.1145,-0.313,1月
2021-02-23,0.1176,0.275,1月
2021-02-22,0.1149,-0.062,1月
2021-02-19,0.1155,0.437,1月
2021-02-18,0.1111,0.013,1月
2021-02-17,0.111,0.275,1月
2021-02-16,0.1083,0.25,1月
2021-02-15,0.1058,-0.163,1月
2021-02-12,0.1074,-0.487,1月
2021-02-11,0.1123,0.275,1月
2021-02-10,0.1095,-0.638,1月
2021-02-09,0.1159,-0.462,1月
2021-02-08,0.1205,0.162,1月
2021-02-05,0.1189,-0.462,1月
2021-02-04,0.1235,1.025,1月
2021-02-03,0.1133,-0.2,1月
2021-02-02,0.1153,0.225,1月
2021-02-01,0.113,-0.65,1月
2021-01-29,0.1195,-0.338,1月
2021-01-28,0.1229,0.213,1月
2021-01-27,0.1208,-0.175,1月
2021-01-26,0.1225,-0.5,1月
2021-01-25,0.1275,0.275,1月
2021-01-22,0.1248,-0.525,1月
2021-01-21,0.13,0.15,1月
2021-01-20,0.1285,-0.1,1月
2021-01-19,0.1295,-0.138,1月
2021-01-18,0.1309,0.138,1月
2021-01-15,0.1295,0.062,1月
2021-01-14,0.1289,0.238,1月
2021-01-13,0.1265,-0.075,1月
2021-01-12,0.1273,0.125,1月
2021-01-11,0.126,-0.038,1月
2021-01-08,0.1264,-0.625,1月
2021-01-07,0.1326,0.063,1月
2021-01-06,0.132,0.112,1月
2021-01-05,0.1309,-0.887,1月
2021-01-04,0.1398,-0.413,1月
2020-12-31,0.1439,-0.012,1月
2020-12-30,0.144,-0.275,1月
2020-12-29,0.1468,0.162,1月
2020-12-24,0.1451,-0.287,1月
2020-12-23,0.148,0.475,1月
2020-12-22,0.1433,-0.2,1月
2020-12-21,0.1453,0.15,1月
2020-12-18,0.1438,-0.788,1月
2020-12-17,0.1516,-0.625,1月
2020-12-16,0.1579,0.538,1月
2020-12-15,0.1525,-0.063,1月
2020-12-14,0.1531,-0.55,1月
2020-12-11,0.1586,0.475,1月
2020-12-10,0.1539,0.6,1月
2020-12-09,0.1479,-0.087,1月
2020-12-08,0.1488,0.3,1月
2020-12-07,0.1458,-0.7,1月
2020-12-03,0.1528,0.062,1月
2020-12-02,0.1521,0.45,1月
2020-12-01,0.1476,-0.575,1月
2020-11-30,0.1534,-0.137,1月
2020-11-27,0.1548,0.8,1月
2020-11-26,0.1468,0.125,1月
2020-11-25,0.1455,0.25,1月
2020-11-24,0.143,-0.713,1月
2020-11-23,0.1501,0.0,1月
2020-11-20,0.1501,0.463,1月
2020-11-19,0.1455,-0.1,1月
2020-11-18,0.1465,-0.3,1月
2020-11-17,0.1495,0.6,1月
2020-11-16,0.1435,0.712,1月
2020-11-13,0.1364,-0.45,1月
2020-11-12,0.1409,-0.05,1月
2020-11-11,0.1414,0.125,1月
2020-11-10,0.1401,1.025,1月
2020-11-09,0.1299,0.213,1月
2020-11-06,0.1278,0.112,1月
2020-11-05,0.1266,-0.95,1月
2020-11-04,0.1361,-0.15,1月
2020-11-03,0.1376,-0.287,1月
2020-11-02,0.1405,0.025,1月
2020-10-30,0.1403,-0.888,1月
2020-10-29,0.1491,0.138,1月
2020-10-28,0.1478,0.312,1月
2020-10-27,0.1446,-0.687,1月
2020-10-26,0.1515,-0.475,1月
2020-10-23,0.1563,0.7,1月
2020-10-22,0.1493,0.137,1月
2020-10-21,0.1479,0.213,1月
2020-10-20,0.1458,0.237,1月
2020-10-19,0.1434,-0.8,1月
2020-10-16,0.1514,0.413,1月
2020-10-15,0.1473,0.15,1月
2020-10-14,0.1458,-0.263,1月
2020-10-13,0.1484,0.413,1月
2020-10-12,0.1443,-0.1,1月
2020-10-09,0.1453,-0.163,1月
2020-10-08,0.1469,-0.012,1月
2020-10-07,0.147,0.737,1月
2020-10-06,0.1396,-0.312,1月
2020-10-05,0.1428,0.275,1月
2020-10-02,0.14,0.05,1月
2020-10-01,0.1395,-0.875,1月
2020-09-30,0.1483,-0.075,1月
2020-09-29,0.149,0.237,1月
2020-09-28,0.1466,0.05,1月
2020-09-25,0.1461,0.138,1月
2020-09-24,0.1448,-0.338,1月
2020-09-23,0.1481,-0.3,1月
2020-09-22,0.1511,-0.075,1月
2020-09-21,0.1519,-0.387,1月
2020-09-18,0.1558,-0.05,1月
2020-09-17,0.1563,0.625,1月
2020-09-16,0.15,-0.05,1月
2020-09-15,0.1505,-0.163,1月
2020-09-14,0.1521,-0.025,1月
2020-09-11,0.1524,0.125,1月
2020-09-10,0.1511,-0.012,1月
2020-09-09,0.1513,-0.425,1月
2020-09-08,0.1555,-0.013,1月
2020-09-07,0.1556,0.138,1月
2020-09-04,0.1543,-0.438,1月
2020-09-03,0.1586,0.388,1月
2020-09-02,0.1548,-0.088,1月
2020-09-01,0.1556,-0.112,1月
2020-08-28,0.1568,0.162,1月
2020-08-27,0.1551,-0.125,1月
2020-08-26,0.1564,-1.387,1月
2020-08-25,0.1703,-0.4,1月
2020-08-24,0.1743,-0.088,1月
2020-08-21,0.1751,-0.812,1月
2020-08-20,0.1833,1.237,1月
2020-08-19,0.1709,1.288,1月
2020-08-18,0.158,-0.338,1月
2020-08-17,0.1614,0.988,1月
2020-08-14,0.1515,-1.038,1月
2020-08-13,0.1619,0.388,1月
2020-08-12,0.158,-0.613,1月
2020-08-11,0.1641,-0.412,1月
2020-08-10,0.1683,0.487,1月
2020-08-07,0.1634,0.8,1月
2020-08-06,0.1554,0.188,1月
2020-08-05,0.1535,0.425,1月
2020-08-04,0.1493,-0.775,1月
2020-08-03,0.157,0.212,1月
2020-07-31,0.1549,-0.075,1月
2020-07-30,0.1556,-0.55,1月
2020-07-29,0.1611,-0.575,1月
2020-07-28,0.1669,0.063,1月
2020-07-27,0.1663,-0.638,1月
2020-07-24,0.1726,0.1,1月
2021-10-08,0.1054,-0.487,2月
2021-09-29,0.1103,0.0,2月
2021-09-28,0.1103,0.287,2月
2021-09-27,0.1074,0.088,2月
2021-09-24,0.1065,-0.238,2月
2021-09-23,0.1089,0.088,2月
2021-09-22,0.108,0.037,2月
2021-09-21,0.1076,0.325,2月
2021-09-20,0.1044,0.25,2月
2021-09-17,0.1019,0.175,2月
2021-09-16,0.1001,0.288,2月
2021-09-15,0.0973,0.062,2月
2021-09-14,0.0966,-0.287,2月
2021-09-13,0.0995,0.2,2月
2021-09-10,0.0975,0.05,2月
2021-09-09,0.097,0.012,2月
2021-09-08,0.0969,-0.037,2月
2021-09-07,0.0973,0.125,2月
2021-09-06,0.096,-0.013,2月
2021-09-03,0.0961,0.35,2月
2021-09-02,0.0926,-0.4,2月
2021-09-01,0.0966,0.138,2月
2021-08-31,0.0953,-0.288,2月
2021-08-27,0.0981,-0.05,2月
2021-08-26,0.0986,-0.362,2月
2021-08-25,0.1023,-0.05,2月
2021-08-24,0.1028,0.112,2月
2021-08-23,0.1016,0.1,2月
2021-08-20,0.1006,0.05,2月
2021-08-19,0.1001,-0.55,2月
2021-08-18,0.1056,0.175,2月
2021-08-17,0.1039,-0.087,2月
2021-08-16,0.1048,-0.188,2月
2021-08-13,0.1066,-0.175,2月
2021-08-12,0.1084,0.175,2月
2021-08-11,0.1066,-0.212,2月
2021-08-10,0.1088,-0.113,2月
2021-08-09,0.1099,0.363,2月
2021-08-06,0.1063,-0.525,2月
2021-08-05,0.1115,0.475,2月
2021-08-04,0.1068,0.15,2月
2021-08-03,0.1053,-0.325,2月
2021-08-02,0.1085,0.512,2月
2021-07-30,0.1034,-0.175,2月
2021-07-29,0.1051,-0.187,2月
2021-07-28,0.107,-0.338,2月
2021-07-27,0.1104,0.013,2月
2021-07-26,0.1103,-0.075,2月
2021-07-23,0.111,-0.35,2月
2021-07-22,0.1145,-0.15,2月
2021-07-21,0.116,-0.125,2月
2021-07-20,0.1173,0.487,2月
2021-07-19,0.1124,0.163,2月
2021-07-16,0.1108,-0.375,2月
2021-07-15,0.1145,-0.188,2月
2021-07-14,0.1164,-0.537,2月
2021-07-13,0.1218,0.625,2月
2021-07-12,0.1155,-0.175,2月
2021-07-09,0.1173,0.287,2月
2021-07-08,0.1144,-0.375,2月
2021-07-07,0.1181,0.188,2月
2021-07-06,0.1163,-0.388,2月
2021-07-05,0.1201,-0.237,2月
2021-07-02,0.1225,-0.475,2月
2021-07-01,0.1273,0.175,2月
2021-06-30,0.1255,0.212,2月
2021-06-29,0.1234,-0.162,2月
2021-06-28,0.125,0.887,2月
2021-06-25,0.1161,0.088,2月
2021-06-24,0.1153,-0.488,2月
2021-06-23,0.1201,0.338,2月
2021-06-22,0.1168,-0.163,2月
2021-06-21,0.1184,-0.012,2月
2021-06-18,0.1185,0.512,2月
2021-06-17,0.1134,0.225,2月
2021-06-16,0.1111,0.213,2月
2021-06-15,0.109,0.637,2月
2021-06-14,0.1026,-0.087,2月
2021-06-11,0.1035,-0.113,2月
2021-06-10,0.1046,-0.15,2月
2021-06-09,0.1061,-0.65,2月
2021-06-08,0.1126,-0.237,2月
2021-06-07,0.115,-0.288,2月
2021-06-04,0.1179,0.775,2月
2021-06-03,0.1101,-0.037,2月
2021-06-02,0.1105,-0.638,2月
2021-06-01,0.1169,-0.037,2月
2021-05-28,0.1173,0.05,2月
2021-05-27,0.1168,-0.088,2月
2021-05-26,0.1176,0.075,2月
2021-05-25,0.1169,-0.337,2月
2021-05-24,0.1203,-0.088,2月
2021-05-21,0.1211,-0.1,2月
2021-05-20,0.1221,-0.537,2月
2021-05-19,0.1275,0.55,2月
2021-05-18,0.122,-0.1,2月
2021-05-17,0.123,0.037,2月
2021-05-14,0.1226,-0.312,2月
2021-05-13,0.1258,-0.275,2月
2021-05-12,0.1285,0.137,2月
2021-05-11,0.1271,-0.537,2月
2021-05-10,0.1325,0.412,2月
2021-05-07,0.1284,-0.662,2月
2021-05-06,0.135,-0.675,2月
2021-05-05,0.1418,-0.55,2月
2021-05-04,0.1473,0.312,2月
2021-04-30,0.1441,0.0,2月
2021-04-29,0.1441,-0.325,2月
2021-04-28,0.1474,0.188,2月
2021-04-27,0.1455,0.325,2月
2021-04-26,0.1423,0.0,2月
2021-04-23,0.1423,-0.788,2月
2021-04-22,0.1501,-0.287,2月
2021-04-21,0.153,0.062,2月
2021-04-20,0.1524,0.45,2月
2021-04-19,0.1479,-0.362,2月
2021-04-16,0.1515,0.15,2月
2021-04-15,0.15,0.112,2月
2021-04-14,0.1489,0.65,2月
2021-04-13,0.1424,-0.05,2月
2021-04-12,0.1429,-0.362,2月
2021-04-09,0.1465,-0.125,2月
2021-04-08,0.1478,0.212,2月
2021-04-07,0.1456,0.15,2月
2021-04-06,0.1441,0.888,2月
2021-04-01,0.1353,0.162,2月
2021-03-31,0.1336,0.213,2月
2021-03-30,0.1315,-0.35,2月
2021-03-29,0.135,-0.238,2月
2021-03-26,0.1374,-0.037,2月
2021-03-25,0.1378,0.412,2月
2021-03-24,0.1336,-0.037,2月
2021-03-23,0.134,-0.713,2月
2021-03-22,0.1411,-0.725,2月
2021-03-19,0.1484,0.15,2月
2021-03-18,0.1469,0.125,2月
2021-03-17,0.1456,0.538,2月
2021-03-16,0.1403,0.225,2月
2021-03-15,0.138,0.125,2月
2021-03-12,0.1368,-0.05,2月
2021-03-11,0.1373,-0.55,2月
2021-03-10,0.1428,0.1,2月
2021-03-09,0.1418,0.087,2月
2021-03-08,0.1409,-0.525,2月
2021-03-05,0.1461,0.075,2月
2021-03-04,0.1454,-0.112,2月
2021-03-03,0.1465,-0.163,2月
2021-03-02,0.1481,0.363,2月
2021-03-01,0.1445,-0.3,2月
2021-02-26,0.1475,-0.2,2月
2021-02-25,0.1495,-0.063,2月
2021-02-24,0.1501,-0.2,2月
2021-02-23,0.1521,0.4,2月
2021-02-22,0.1481,-0.037,2月
2021-02-19,0.1485,-0.388,2月
2021-02-18,0.1524,0.425,2月
2021-02-17,0.1481,-0.562,2月
2021-02-16,0.1538,0.287,2月
2021-02-15,0.1509,0.013,2月
2021-02-12,0.1508,-0.113,2月
2021-02-11,0.1519,-0.175,2月
2021-02-10,0.1536,-0.287,2月
2021-02-09,0.1565,0.062,2月
2021-02-08,0.1559,0.025,2月
2021-02-05,0.1556,-0.087,2月
2021-02-04,0.1565,-0.413,2月
2021-02-03,0.1606,0.525,2月
2021-02-02,0.1554,0.313,2月
2021-02-01,0.1523,-0.838,2月
2021-01-29,0.1606,-0.325,2月
2021-01-28,0.1639,0.538,2月
2021-01-27,0.1585,0.087,2月
2021-01-26,0.1576,-0.062,2月
2021-01-25,0.1583,-0.213,2月
2021-01-22,0.1604,-0.512,2月
2021-01-21,0.1655,-0.388,2月
2021-01-20,0.1694,0.325,2月
2021-01-19,0.1661,-0.4,2月
2021-01-18,0.1701,0.425,2月
2021-01-15,0.1659,-0.525,2月
2021-01-14,0.1711,-0.962,2月
2021-01-13,0.1808,-0.488,2月
2021-01-12,0.1856,0.888,2月
2021-01-11,0.1768,1.1,2月
2021-01-08,0.1658,-0.675,2月
2021-01-07,0.1725,-1.15,2月
2021-01-06,0.184,0.175,2月
2021-01-05,0.1823,-0.813,2月
2021-01-04,0.1904,0.0,2月
2020-12-31,0.1904,1.275,2月
2020-12-30,0.1776,-1.275,2月
2020-12-29,0.1904,0.813,2月
2020-12-24,0.1823,-1.175,2月
2020-12-23,0.194,0.887,2月
2020-12-22,0.1851,-0.7,2月
2020-12-21,0.1921,0.175,2月
2020-12-18,0.1904,-0.35,2月
2020-12-17,0.1939,0.825,2月
2020-12-16,0.1856,0.638,2月
2020-12-15,0.1793,0.587,2月
2020-12-14,0.1734,-0.325,2月
2020-12-11,0.1766,-0.912,2月
2020-12-10,0.1858,-0.813,2月
2020-12-09,0.1939,0.338,2月
2020-12-08,0.1905,0.875,2月
2020-12-07,0.1818,-0.788,2月
2020-12-03,0.1896,0.163,2月
2020-12-02,0.188,0.537,2月
2020-12-01,0.1826,0.2,2月
2020-11-30,0.1806,-0.212,2月
2020-11-27,0.1828,0.362,2月
2020-11-26,0.1791,0.025,2月
2020-11-25,0.1789,0.188,2月
2020-11-24,0.177,0.4,2月
2020-11-23,0.173,-0.088,2月
2020-11-20,0.1739,-0.225,2月
2020-11-19,0.1761,-0.55,2月
2020-11-18,0.1816,-0.325,2月
2020-11-17,0.1849,1.088,2月
2020-11-16,0.174,0.5,2月
2020-11-13,0.169,-0.538,2月
2020-11-12,0.1744,-0.012,2月
2020-11-11,0.1745,0.25,2月
2020-11-10,0.172,0.2,2月
2020-11-09,0.17,-0.2,2月
2020-11-06,0.172,0.037,2月
2020-11-05,0.1716,0.15,2月
2020-11-04,0.1701,-0.575,2月
2020-11-03,0.1759,0.1,2月
2020-11-02,0.1749,-0.075,2月
2020-10-30,0.1756,0.938,2月
2020-10-29,0.1663,-0.013,2月
2020-10-28,0.1664,-0.362,2月
2020-10-27,0.17,-0.925,2月
2020-10-26,0.1793,-0.875,2月
2020-10-23,0.188,0.175,2月
2020-10-22,0.1863,0.362,2月
2020-10-21,0.1826,-0.625,2月
2020-10-20,0.1889,1.375,2月
2020-10-19,0.1751,-0.275,2月
2020-10-16,0.1779,-0.762,2月
2020-10-15,0.1855,-0.113,2月
2020-10-14,0.1866,0.575,2月
2020-10-13,0.1809,-0.425,2月
2020-10-12,0.1851,0.75,2月
2020-10-09,0.1776,-0.225,2月
2020-10-08,0.1799,1.1,2月
2020-10-07,0.1689,-0.087,2月
2020-10-06,0.1698,-0.288,2月
2020-10-05,0.1726,-0.775,2月
2020-10-02,0.1804,-1.187,2月
2020-10-01,0.1923,-0.163,2月
2020-09-30,0.1939,0.325,2月
2020-09-29,0.1906,0.213,2月
2020-09-28,0.1885,0.412,2月
2020-09-25,0.1844,-0.212,2月
2020-09-24,0.1865,0.662,2月
2020-09-23,0.1799,-0.625,2月
2020-09-22,0.1861,0.813,2月
2020-09-21,0.178,-0.888,2月
2020-09-18,0.1869,-0.225,2月
2020-09-17,0.1891,-0.25,2月
2020-09-16,0.1916,-0.462,2月
2020-09-15,0.1963,-0.4,2月
2020-09-14,0.2003,0.237,2月
2020-09-11,0.1979,0.025,2月
2020-09-10,0.1976,-0.687,2月
2020-09-09,0.2045,0.037,2月
2020-09-08,0.2041,2.088,2月
2020-09-07,0.1833,-0.163,2月
2020-09-04,0.1849,-1.075,2月
2020-09-03,0.1956,-0.375,2月
2020-09-02,0.1994,-0.325,2月
2020-09-01,0.2026,1.7,2月
2020-08-28,0.1856,-0.687,2月
2020-08-27,0.1925,0.45,2月
2020-08-26,0.188,-0.238,2月
2020-08-25,0.1904,0.2,2月
2020-08-24,0.1884,-2.512,2月
2020-08-21,0.2135,0.862,2月
2020-08-20,0.2049,-0.737,2月
2020-08-19,0.2123,0.95,2月
2020-08-18,0.2028,-0.613,2月
2020-08-17,0.2089,0.213,2月
2020-08-14,0.2068,-0.45,2月
2020-08-13,0.2113,-1.088,2月
2020-08-12,0.2221,-0.225,2月
2020-08-11,0.2244,0.45,2月
2020-08-10,0.2199,-0.675,2月
2020-08-07,0.2266,-0.15,2月
2020-08-06,0.2281,0.513,2月
2020-08-05,0.223,0.25,2月
2020-08-04,0.2205,1.837,2月
2020-08-03,0.2021,0.6,2月
2020-07-31,0.1961,-0.912,2月
2020-07-30,0.2053,-0.825,2月
2020-07-29,0.2135,-0.538,2月
2020-07-28,0.2189,0.775,2月
2020-07-27,0.2111,-0.662,2月
2020-07-24,0.2178,-0.238,2月
2021-10-08,0.1211,-0.975,3月
2021-09-29,0.1309,-0.062,3月
2021-09-28,0.1315,-0.025,3月
2021-09-27,0.1318,-0.05,3月
2021-09-24,0.1323,0.0,3月
2021-09-23,0.1323,0.3,3月
2021-09-22,0.1293,0.087,3月
2021-09-21,0.1284,0.3,3月
2021-09-20,0.1254,0.15,3月
2021-09-17,0.1239,0.188,3月
2021-09-16,0.122,0.2,3月
2021-09-15,0.12,0.2,3月
2021-09-14,0.118,0.2,3月
2021-09-13,0.116,0.025,3月
2021-09-10,0.1158,0.162,3月
2021-09-09,0.1141,-0.162,3月
2021-09-08,0.1158,-0.025,3月
2021-09-07,0.116,0.137,3月
2021-09-06,0.1146,-0.087,3月
2021-09-03,0.1155,-0.213,3月
2021-09-02,0.1176,-0.125,3月
2021-09-01,0.1189,-0.075,3月
2021-08-31,0.1196,-0.025,3月
2021-08-27,0.1199,-0.087,3月
2021-08-26,0.1208,-0.3,3月
2021-08-25,0.1238,0.2,3月
2021-08-24,0.1218,-0.75,3月
2021-08-23,0.1293,0.087,3月
2021-08-20,0.1284,-0.237,3月
2021-08-19,0.1308,-0.013,3月
2021-08-18,0.1309,0.363,3月
2021-08-17,0.1273,0.275,3月
2021-08-16,0.1245,0.025,3月
2021-08-13,0.1243,-0.05,3月
2021-08-12,0.1248,0.35,3月
2021-08-11,0.1213,-0.15,3月
2021-08-10,0.1228,-0.45,3月
2021-08-09,0.1273,-0.113,3月
2021-08-06,0.1284,0.3,3月
2021-08-05,0.1254,0.363,3月
2021-08-04,0.1218,0.037,3月
2021-08-03,0.1214,-0.237,3月
2021-08-02,0.1238,0.6,3月
2021-07-30,0.1178,-0.8,3月
2021-07-29,0.1258,-0.275,3月
2021-07-28,0.1285,-0.113,3月
2021-07-27,0.1296,-0.2,3月
2021-07-26,0.1316,0.275,3月
2021-07-23,0.1289,0.363,3月
2021-07-22,0.1253,-1.263,3月
2021-07-21,0.1379,-0.037,3月
2021-07-20,0.1383,0.4,3月
2021-07-19,0.1343,0.0,3月
2021-07-16,0.1343,0.037,3月
2021-07-15,0.1339,0.75,3月
2021-07-14,0.1264,0.025,3月
2021-07-13,0.1261,-0.675,3月
2021-07-12,0.1329,0.425,3月
2021-07-09,0.1286,0.963,3月
2021-07-08,0.119,-0.488,3月
2021-07-07,0.1239,-1.1,3月
2021-07-06,0.1349,-0.312,3月
2021-07-05,0.138,0.012,3月
2021-07-02,0.1379,-0.687,3月
2021-07-01,0.1448,-0.1,3月
2021-06-30,0.1458,0.087,3月
2021-06-29,0.1449,-0.237,3月
2021-06-28,0.1473,0.125,3月
2021-06-25,0.146,0.0,3月
2021-06-24,0.146,-0.125,3月
2021-06-23,0.1473,1.35,3月
2021-06-22,0.1338,-0.413,3月
2021-06-21,0.1379,0.3,3月
2021-06-18,0.1349,0.038,3月
2021-06-17,0.1345,1.0,3月
2021-06-16,0.1245,-0.025,3月
2021-06-15,0.1248,0.675,3月
2021-06-14,0.118,-0.088,3月
2021-06-11,0.1189,-0.012,3月
2021-06-10,0.119,-0.575,3月
2021-06-09,0.1248,-0.325,3月
2021-06-08,0.128,0.487,3月
2021-06-07,0.1231,-0.512,3月
2021-06-04,0.1283,-0.25,3月
2021-06-03,0.1308,-0.325,3月
2021-06-02,0.134,0.55,3月
2021-06-01,0.1285,-0.288,3月
2021-05-28,0.1314,-0.325,3月
2021-05-27,0.1346,-0.037,3月
2021-05-26,0.135,-0.35,3月
2021-05-25,0.1385,-0.238,3月
2021-05-24,0.1409,-0.612,3月
2021-05-21,0.147,-0.313,3月
2021-05-20,0.1501,0.088,3月
2021-05-19,0.1493,-0.6,3月
2021-05-18,0.1553,0.562,3月
2021-05-17,0.1496,-0.55,3月
2021-05-14,0.1551,-0.075,3月
2021-05-13,0.1559,0.175,3月
2021-05-12,0.1541,-0.612,3月
2021-05-11,0.1603,-0.725,3月
2021-05-10,0.1675,0.762,3月
2021-05-07,0.1599,-0.212,3月
2021-05-06,0.162,-0.788,3月
2021-05-05,0.1699,-0.55,3月
2021-05-04,0.1754,-0.1,3月
2021-04-30,0.1764,0.075,3月
2021-04-29,0.1756,-0.987,3月
2021-04-28,0.1855,0.837,3月
2021-04-27,0.1771,-0.687,3月
2021-04-26,0.184,0.262,3月
2021-04-23,0.1814,0.563,3月
2021-04-22,0.1758,0.287,3月
2021-04-21,0.1729,-1.087,3月
2021-04-20,0.1838,-0.225,3月
2021-04-19,0.186,-0.225,3月
2021-04-16,0.1883,-0.15,3月
2021-04-15,0.1898,0.612,3月
2021-04-14,0.1836,-0.012,3月
2021-04-13,0.1838,-0.2,3月
2021-04-12,0.1858,-0.175,3月
2021-04-09,0.1875,-0.025,3月
2021-04-08,0.1878,-0.588,3月
2021-04-07,0.1936,-0.375,3月
2021-04-06,0.1974,-0.237,3月
2021-04-01,0.1998,0.55,3月
2021-03-31,0.1943,-0.738,3月
2021-03-30,0.2016,-0.087,3月
2021-03-29,0.2025,0.35,3月
2021-03-26,0.199,0.6,3月
2021-03-25,0.193,-0.213,3月
2021-03-24,0.1951,-0.55,3月
2021-03-23,0.2006,1.013,3月
2021-03-22,0.1905,-0.638,3月
2021-03-19,0.1969,1.025,3月
2021-03-18,0.1866,-0.3,3月
2021-03-17,0.1896,-0.037,3月
2021-03-16,0.19,0.8,3月
2021-03-15,0.182,-0.75,3月
2021-03-12,0.1895,0.562,3月
2021-03-11,0.1839,-0.025,3月
2021-03-10,0.1841,0.688,3月
2021-03-09,0.1773,-0.525,3月
2021-03-08,0.1825,-0.288,3月
2021-03-05,0.1854,0.988,3月
2021-03-04,0.1755,-1.825,3月
2021-03-03,0.1938,1.037,3月
2021-03-02,0.1834,-0.087,3月
2021-03-01,0.1843,-0.413,3月
2021-02-26,0.1884,-0.212,3月
2021-02-25,0.1905,0.075,3月
2021-02-24,0.1898,0.225,3月
2021-02-23,0.1875,1.2,3月
2021-02-22,0.1755,0.025,3月
2021-02-19,0.1753,-0.713,3月
2021-02-18,0.1824,0.1,3月
2021-02-17,0.1814,-0.725,3月
2021-02-16,0.1886,-0.287,3月
2021-02-15,0.1915,-0.225,3月
2021-02-12,0.1938,-0.388,3月
2021-02-11,0.1976,-0.325,3月
2021-02-10,0.2009,-0.162,3月
2021-02-09,0.2025,0.712,3月
2021-02-08,0.1954,0.45,3月
2021-02-05,0.1909,-0.175,3月
2021-02-04,0.1926,-0.25,3月
2021-02-03,0.1951,0.288,3月
2021-02-02,0.1923,-0.325,3月
2021-02-01,0.1955,-0.638,3月
2021-01-29,0.2019,-0.312,3月
2021-01-28,0.205,-0.65,3月
2021-01-27,0.2115,-0.7,3月
2021-01-26,0.2185,0.562,3月
2021-01-25,0.2129,-0.237,3月
2021-01-22,0.2153,-0.25,3月
2021-01-21,0.2178,-0.463,3月
2021-01-20,0.2224,-0.125,3月
2021-01-19,0.2236,-0.037,3月
2021-01-18,0.224,0.062,3月
2021-01-15,0.2234,-0.225,3月
2021-01-14,0.2256,-1.562,3月
2021-01-13,0.2413,0.75,3月
2021-01-12,0.2338,0.925,3月
2021-01-11,0.2245,0.012,3月
2021-01-08,0.2244,-0.037,3月
2021-01-07,0.2248,-0.925,3月
2021-01-06,0.234,-0.288,3月
2021-01-05,0.2369,-0.037,3月
2021-01-04,0.2373,-0.113,3月
2020-12-31,0.2384,0.088,3月
2020-12-30,0.2375,-1.638,3月
2020-12-29,0.2539,1.375,3月
2020-12-24,0.2401,-1.087,3月
2020-12-23,0.251,1.287,3月
2020-12-22,0.2381,-0.675,3月
2020-12-21,0.2449,0.913,3月
2020-12-18,0.2358,-0.288,3月
2020-12-17,0.2386,0.225,3月
2020-12-16,0.2364,0.763,3月
2020-12-15,0.2288,0.95,3月
2020-12-14,0.2193,0.275,3月
2020-12-11,0.2165,-0.3,3月
2020-12-10,0.2195,-0.113,3月
2020-12-09,0.2206,-0.937,3月
2020-12-08,0.23,-0.038,3月
2020-12-07,0.2304,0.5,3月
2020-12-03,0.2254,-0.512,3月
2020-12-02,0.2305,-0.15,3月
2020-12-01,0.232,0.437,3月
2020-11-30,0.2276,0.225,3月
2020-11-27,0.2254,0.1,3月
2020-11-26,0.2244,-0.862,3月
2020-11-25,0.233,0.075,3月
2020-11-24,0.2323,2.575,3月
2020-11-23,0.2065,0.162,3月
2020-11-20,0.2049,-0.775,3月
2020-11-19,0.2126,-1.112,3月
2020-11-18,0.2238,-0.725,3月
2020-11-17,0.231,1.062,3月
2020-11-16,0.2204,-0.162,3月
2020-11-13,0.222,0.1,3月
2020-11-12,0.221,0.037,3月
2020-11-11,0.2206,0.7,3月
2020-11-10,0.2136,0.863,3月
2020-11-09,0.205,-0.088,3月
2020-11-06,0.2059,-0.712,3月
2020-11-05,0.213,-1.925,3月
2020-11-04,0.2323,0.75,3月
2020-11-03,0.2248,0.462,3月
2020-11-02,0.2201,0.438,3月
2020-10-30,0.2158,0.137,3月
2020-10-29,0.2144,0.0,3月
2020-10-28,0.2144,0.113,3月
2020-10-27,0.2133,-0.9,3月
2020-10-26,0.2223,0.575,3月
2020-10-23,0.2165,0.175,3月
2020-10-22,0.2148,0.562,3月
2020-10-21,0.2091,-0.662,3月
2020-10-20,0.2158,0.712,3月
2020-10-19,0.2086,-0.975,3月
2020-10-16,0.2184,0.063,3月
2020-10-15,0.2178,-1.238,3月
2020-10-14,0.2301,-0.675,3月
2020-10-13,0.2369,0.8,3月
2020-10-12,0.2289,0.475,3月
2020-10-09,0.2241,0.363,3月
2020-10-08,0.2205,-0.9,3月
2020-10-07,0.2295,-0.025,3月
2020-10-06,0.2298,0.95,3月
2020-10-05,0.2203,-1.325,3月
2020-10-02,0.2335,-0.05,3月
2020-10-01,0.234,0.012,3月
2020-09-30,0.2339,0.875,3月
2020-09-29,0.2251,0.475,3月
2020-09-28,0.2204,0.25,3月
2020-09-25,0.2179,-1.537,3月
2020-09-24,0.2333,0.825,3月
2020-09-23,0.225,0.25,3月
2020-09-22,0.2225,-0.075,3月
2020-09-21,0.2233,-0.213,3月
2020-09-18,0.2254,-0.2,3月
2020-09-17,0.2274,-0.587,3月
2020-09-16,0.2333,-1.288,3月
2020-09-15,0.2461,0.888,3月
2020-09-14,0.2373,-1.313,3月
2020-09-11,0.2504,0.125,3月
2020-09-10,0.2491,-0.112,3月
2020-09-09,0.2503,0.075,3月
2020-09-08,0.2495,0.775,3月
2020-09-07,0.2418,-0.625,3月
2020-09-04,0.248,-0.15,3月
2020-09-03,0.2495,-0.175,3月
2020-09-02,0.2513,0.012,3月
2020-09-01,0.2511,1.025,3月
2020-08-28,0.2409,-0.512,3月
2020-08-27,0.246,-0.988,3月
2020-08-26,0.2559,0.488,3月
2020-08-25,0.251,1.725,3月
2020-08-24,0.2338,-1.625,3月
2020-08-21,0.25,-0.613,3月
2020-08-20,0.2561,0.925,3月
2020-08-19,0.2469,-0.612,3月
2020-08-18,0.253,-1.475,3月
2020-08-17,0.2678,-0.263,3月
2020-08-14,0.2704,-0.975,3月
2020-08-13,0.2801,1.538,3月
2020-08-12,0.2648,1.125,3月
2020-08-11,0.2535,-0.338,3月
2020-08-10,0.2569,0.438,3月
2020-08-07,0.2525,0.925,3月
2020-08-06,0.2433,0.125,3月
2020-08-05,0.242,-0.65,3月
2020-08-04,0.2485,-0.05,3月
2020-08-03,0.249,0.025,3月
2020-07-31,0.2488,-0.225,3月
2020-07-30,0.251,-0.963,3月
2020-07-29,0.2606,-0.762,3月
2020-07-28,0.2683,-0.138,3月
2020-07-27,0.2696,2.288,3月
2020-07-24,0.2468,0.225,3月
2014-01-22,0.3341,0.0,8月
2014-01-21,0.3341,0.0,8月
2014-01-20,0.3341,-0.05,8月
2014-01-17,0.3346,0.0,8月
2014-01-16,0.3346,-0.1,8月
2014-01-15,0.3356,0.01,8月
2014-01-14,0.3355,-0.89,8月
2014-01-10,0.3444,0.05,8月
2014-01-09,0.3439,-0.13,8月
2014-01-08,0.3452,0.05,8月
2014-01-07,0.3447,0.02,8月
2014-01-06,0.3445,-0.07,8月
2014-01-03,0.3452,-0.12,8月
2014-01-02,0.3464,-0.16,8月
2013-12-31,0.348,-0.05,8月
2013-12-30,0.3485,-0.05,8月
2013-12-27,0.349,-0.04,8月
2013-12-24,0.3494,0.0,8月
2013-12-23,0.3494,-0.1,8月
2013-12-20,0.3504,0.25,8月
2013-12-19,0.3479,0.1,8月
2013-12-18,0.3469,-0.1,8月
2013-12-17,0.3479,0.25,8月
2013-12-16,0.3454,0.0,8月
2013-12-13,0.3454,0.13,8月
2013-12-12,0.3441,0.03,8月
2013-12-11,0.3438,-0.02,8月
2013-12-10,0.344,0.2,8月
2013-12-09,0.342,-0.25,8月
2013-12-06,0.3445,-0.15,8月
2013-12-05,0.346,0.15,8月
2013-12-04,0.3445,0.0,8月
2013-12-03,0.3445,-0.18,8月
2013-12-02,0.3463,-0.05,8月
2013-11-29,0.3468,0.13,8月
2013-11-28,0.3455,-0.05,8月
2013-11-27,0.346,0.19,8月
2013-11-26,0.3441,-0.08,8月
2013-11-25,0.3449,-0.1,8月
2013-11-22,0.3459,-0.1,8月
2013-11-21,0.3469,-0.3,8月
2013-11-20,0.3499,-0.2,8月
2013-11-19,0.3519,0.05,8月
2013-11-18,0.3514,0.0,8月
2013-11-15,0.3514,-0.21,8月
2013-11-14,0.3535,-0.19,8月
2013-11-13,0.3554,0.055,8月
2013-11-12,0.3549,0.025,8月
2013-11-11,0.3546,0.01,8月
2013-11-08,0.3545,0.025,8月
2013-11-07,0.3543,0.05,8月
2013-11-06,0.3538,0.215,8月
2013-11-05,0.3516,-0.115,8月
2013-11-04,0.3528,-0.075,8月
2013-11-01,0.3535,-0.14,8月
2013-10-31,0.3549,0.0,8月
2013-10-30,0.3549,-0.05,8月
2013-10-29,0.3554,0.16,8月
2013-10-28,0.3538,-0.01,8月
2013-10-25,0.3539,-0.23,8月
2013-10-24,0.3562,0.05,8月
2013-10-23,0.3557,-0.27,8月
2013-10-22,0.3584,0.0,8月
2013-10-21,0.3584,-0.15,8月
2013-10-18,0.3599,0.05,8月
2013-10-17,0.3594,-0.5,8月
2013-10-16,0.3644,0.1,8月
2013-10-15,0.3634,-0.1,8月
2013-10-14,0.3644,0.1,8月
2013-10-11,0.3634,-0.275,8月
2013-10-10,0.3662,15.401,8月
2013-10-09,0.2121,-15.401,8月
2013-10-08,0.3662,0.04,8月
2013-10-07,0.3658,0.025,8月
2013-10-03,0.3655,-0.1,8月
2013-09-27,0.3665,-0.1,8月
2013-09-26,0.3675,-0.1,8月
2013-09-25,0.3685,-0.1,8月
2013-09-24,0.3695,-0.49,8月
2013-09-19,0.3744,-0.45,8月
2013-09-18,0.3789,0.25,8月
2013-09-17,0.3764,-0.35,8月
2013-09-16,0.3799,-0.35,8月
2013-09-13,0.3834,-0.1,8月
2013-09-12,0.3844,-0.2,8月
2013-09-11,0.3864,-0.1,8月
2013-09-10,0.3874,0.0,8月
2013-09-09,0.3874,-0.325,8月
2013-09-06,0.3907,-0.175,8月
2013-09-04,0.3924,-0.11,8月
2013-09-02,0.3935,0.05,8月
2013-08-30,0.393,0.0,8月
2013-08-29,0.393,0.0,8月
2013-08-28,0.393,-0.05,8月
2013-08-27,0.3935,-0.25,8月
2013-08-23,0.396,-0.05,8月
2013-08-22,0.3965,0.2,8月
2013-08-20,0.3945,0.0,8月
2013-08-19,0.3945,0.0,8月
2013-08-16,0.3945,0.0,8月
2013-08-15,0.3945,-0.1,8月
2013-08-14,0.3955,0.0,8月
2013-08-13,0.3955,0.0,8月
2013-08-12,0.3955,0.1,8月
2013-08-09,0.3945,-0.05,8月
2013-08-08,0.395,-0.05,8月
2013-08-07,0.3955,0.0,8月
2013-08-06,0.3955,-0.1,8月
2013-08-02,0.3965,-0.05,8月
2013-08-01,0.397,0.05,8月
2013-07-31,0.3965,-0.05,8月
2013-07-30,0.397,0.15,8月
2013-07-29,0.3955,0.0,8月
2013-07-26,0.3955,-0.1,8月
2013-07-25,0.3965,0.0,8月
2013-07-24,0.3965,0.0,8月
2013-07-23,0.3965,0.0,8月
2013-07-22,0.3965,-0.1,8月
2013-07-19,0.3975,-0.05,8月
2013-07-18,0.398,-0.2,8月
2013-07-17,0.4,-0.35,8月
2013-07-15,0.4035,0.15,8月
2013-07-12,0.402,-0.2,8月
2013-07-11,0.404,-0.44,8月
2013-07-09,0.4084,-0.2,8月
2013-07-08,0.4104,0.05,8月
2013-07-05,0.4099,-0.45,8月
2013-07-04,0.4144,-0.011,8月
2013-07-03,0.4145,-9.769,8月
2013-05-31,0.5122,0.0,8月
2013-05-30,0.5122,0.0,8月
2013-05-29,0.5122,0.4,8月
2013-05-28,0.5082,-0.22,8月
2013-05-24,0.5104,0.0,8月
2013-05-23,0.5104,-0.1,8月
2013-05-22,0.5114,0.0,8月
2013-05-21,0.5114,0.0,8月
2013-05-20,0.5114,-0.1,8月
2013-05-17,0.5124,-0.05,8月
2013-05-16,0.5129,-0.2,8月
2013-05-15,0.5149,-0.25,8月
2013-05-14,0.5174,-0.3,8月
2013-05-13,0.5204,-0.1,8月
2013-05-10,0.5214,-0.1,8月
2013-05-09,0.5224,-0.08,8月
2013-05-08,0.5232,0.0,8月
2013-05-07,0.5232,0.05,8月
2013-05-03,0.5227,-0.12,8月
2013-05-02,0.5239,0.0,8月
2013-05-01,0.5239,-0.05,8月
2013-04-30,0.5244,-0.45,8月
2013-04-29,0.5289,-0.15,8月
2013-04-26,0.5304,0.0,8月
2013-04-25,0.5304,0.0,8月
2013-04-24,0.5304,0.0,8月
2013-04-23,0.5304,-0.15,8月
2013-04-22,0.5319,-0.05,8月
2013-04-19,0.5324,0.05,8月
2013-04-18,0.5319,0.0,8月
2013-04-17,0.5319,-0.3,8月
2013-04-16,0.5349,-0.15,8月
2013-04-15,0.5364,0.0,8月
2013-04-12,0.5364,-0.05,8月
2013-04-11,0.5369,-0.1,8月
2013-04-10,0.5379,-0.1,8月
2013-04-09,0.5389,-0.1,8月
2013-04-08,0.5399,-0.1,8月
2013-04-05,0.5409,-0.1,8月
2013-04-04,0.5419,-0.05,8月
2013-04-03,0.5424,-0.15,8月
2013-04-02,0.5439,-0.3,8月
2013-03-28,0.5469,0.0,8月
2013-03-27,0.5469,-0.1,8月
2013-03-26,0.5479,0.0,8月
2013-03-25,0.5479,-0.35,8月
2013-03-22,0.5514,0.2,8月
2013-03-21,0.5494,-0.05,8月
2013-03-20,0.5499,0.1,8月
2013-03-19,0.5489,0.1,8月
2013-03-18,0.5479,0.05,8月
2013-03-15,0.5474,0.0,8月
2013-03-14,0.5474,0.0,8月
2013-03-13,0.5474,-0.2,8月
2013-03-12,0.5494,-0.1,8月
2013-03-11,0.5504,-0.15,8月
2013-03-08,0.5519,-0.3,8月
2013-03-07,0.5549,-0.15,8月
2013-03-06,0.5564,-0.3,8月
2013-03-05,0.5594,-0.35,8月
2013-03-04,0.5629,-0.16,8月
2013-03-01,0.5645,-0.05,8月
2013-02-28,0.565,0.0,8月
2013-02-27,0.565,0.0,8月
2013-02-26,0.565,-0.3,8月
2013-02-25,0.568,-0.4,8月
2013-02-22,0.572,0.05,8月
2013-02-21,0.5715,-0.15,8月
2013-02-20,0.573,0.0,8月
2013-02-19,0.573,-0.1,8月
2013-02-15,0.574,-0.2,8月
2013-02-14,0.576,0.0,8月
2013-02-13,0.576,-0.15,8月
2013-02-12,0.5775,-0.1,8月
2013-02-11,0.5785,-0.05,8月
2013-02-08,0.579,-0.1,8月
2013-02-07,0.58,0.0,8月
2013-02-06,0.58,-0.15,8月
2013-02-05,0.5815,-0.1,8月
2013-02-04,0.5825,-0.2,8月
2013-02-01,0.5845,-0.2,8月
2013-01-31,0.5865,-0.78,8月
2013-01-30,0.5943,-0.1,8月
2013-01-29,0.5953,0.0,8月
2013-01-28,0.5953,-0.12,8月
2013-01-25,0.5965,0.0,8月
2013-01-24,0.5965,-0.4,8月
2013-01-23,0.6005,-0.3,8月
2013-01-22,0.6035,-0.1,8月
2013-01-18,0.6045,-0.2,8月
2013-01-17,0.6065,-0.1,8月
2013-01-16,0.6075,-0.35,8月
2013-01-15,0.611,-0.3,8月
2013-01-14,0.614,-0.5,8月
2013-01-11,0.619,-0.2,8月
2013-01-10,0.621,-0.2,8月
2013-01-09,0.623,-0.05,8月
2013-01-08,0.6235,-0.1,8月
2013-01-07,0.6245,-0.1,8月
2013-01-04,0.6255,0.0,8月
2013-01-03,0.6255,-0.3,8月
2013-01-02,0.6285,-0.2,8月
2012-12-31,0.6305,0.0,8月
2012-12-28,0.6305,0.0,8月
2012-12-27,0.6305,0.0,8月
2012-12-24,0.6305,0.0,8月
2012-12-21,0.6305,-0.1,8月
2012-12-20,0.6315,0.05,8月
2012-12-19,0.631,0.15,8月
2012-12-18,0.6295,0.0,8月
2012-12-17,0.6295,-0.25,8月
2012-12-14,0.632,-0.1,8月
2012-12-13,0.633,-0.05,8月
2012-12-12,0.6335,-0.35,8月
2012-12-11,0.637,-0.1,8月
2012-12-10,0.638,0.0,8月
2012-12-07,0.638,-0.4,8月
2012-12-06,0.642,-0.1,8月
2012-12-05,0.643,0.0,8月
2012-12-04,0.643,-0.1,8月
2012-12-03,0.644,0.0,8月
2012-11-30,0.644,-0.1,8月
2012-11-29,0.645,-0.1,8月
2012-11-28,0.646,0.0,8月
2012-11-27,0.646,0.1,8月
2012-11-26,0.645,0.0,8月
2012-11-23,0.645,-0.1,8月
2012-11-21,0.646,0.2,8月
2012-11-20,0.644,-0.1,8月
2012-11-19,0.645,0.1,8月
2012-11-16,0.644,0.2,8月
2012-11-15,0.642,0.0,8月
2012-11-14,0.642,-0.1,8月
2012-11-13,0.643,-0.15,8月
2012-11-09,0.6445,-0.1,8月
2012-11-08,0.6455,-0.4,8月
2012-11-07,0.6495,-0.65,8月
2012-11-06,0.656,-0.23,8月
2012-11-05,0.6583,-0.22,8月
2012-11-02,0.6605,-0.25,8月
2012-11-01,0.663,0.1,8月
2012-10-31,0.662,0.0,8月
2012-10-30,0.662,-0.2,8月
2012-10-29,0.664,-0.1,8月
2012-10-26,0.665,-0.1,8月
2012-10-25,0.666,-0.1,8月
2012-10-24,0.667,-0.3,8月
2012-10-23,0.67,-0.25,8月
2012-10-22,0.6725,-0.45,8月
2012-10-19,0.677,-0.65,8月
2012-10-18,0.6835,-0.5,8月
2012-10-17,0.6885,-0.8,8月
2012-10-16,0.6965,-0.92,8月
2012-10-15,0.7057,-0.8,8月
2012-10-12,0.7137,-0.65,8月
2012-10-11,0.7202,-0.6,8月
2012-10-10,0.7262,-0.55,8月
2012-10-09,0.7317,-0.28,8月
2012-10-05,0.7345,-0.45,8月
2012-10-03,0.739,-0.5,8月
2012-10-02,0.744,-5.925,8月
2012-10-01,0.8033,4.905,8月
2012-09-28,0.7542,-0.475,8月
2012-09-27,0.759,-0.25,8月
2012-09-26,0.7615,-0.175,8月
2012-09-25,0.7632,-0.35,8月
2012-09-24,0.7667,-0.2,8月
2012-09-21,0.7687,-0.075,8月
2012-09-20,0.7695,-0.225,8月
2012-09-19,0.7717,-0.2,8月
2012-09-18,0.7737,-0.25,8月
