date,future,index,PF
2017-01-17,3315.4,3326.356,16.4
2017-01-18,3345.0,3339.365,16.48
2017-01-19,3326.0,3329.289,16.54
2017-01-20,3353.0,3354.889,16.6
2017-01-23,3352.0,3364.081,16.57
2017-01-24,3353.4,3364.451,16.69
2017-01-25,3369.2,3375.904,16.69
2017-01-26,3377.6,3387.961,16.74
2017-02-03,3357.0,3364.492,16.63
2017-02-06,3354.0,3373.205,16.66
2017-02-07,3349.0,3365.685,16.67
2017-02-08,3369.4,3383.288,16.67
2017-02-09,3380.6,3396.292,16.72
2017-02-10,3402.0,3413.487,16.78
2017-02-13,3419.0,3436.275,16.85
2017-02-14,3419.4,3435.804,16.75
2017-02-15,3410.2,3421.713,16.84
2017-02-16,3432.4,3440.933,16.78
2017-02-17,3392.4,3421.442,16.64
2017-02-20,3462.6,3471.393,16.91
2017-02-21,3459.2,3482.823,16.88
2017-02-22,3467.0,3489.757,16.75
2017-02-23,3453.6,3473.324,16.69
2017-02-24,3453.0,3473.852,16.71
2017-02-27,3426.6,3446.223,16.59
2017-02-28,3429.4,3452.81,16.59
2017-03-01,3435.2,3458.438,16.56
2017-03-02,3418.0,3435.096,16.41
2017-03-03,3405.0,3427.863,16.35
2017-03-06,3422.0,3446.484,16.41
2017-03-07,3432.6,3453.957,16.43
2017-03-08,3430.4,3448.731,16.39
2017-03-09,3403.8,3426.944,16.22
2017-03-10,3406.6,3427.892,16.23
2017-03-13,3452.8,3458.098,16.34
2017-03-14,3446.0,3456.693,16.26
2017-03-15,3451.4,3463.644,16.24
2017-03-16,3481.4,3481.507,16.29
2017-03-17,3407.2,3445.805,16.2
2017-03-20,3417.6,3449.613,16.14
2017-03-21,3435.0,3466.347,16.0
2017-03-22,3421.4,3450.05,15.78
2017-03-23,3433.8,3461.978,15.88
2017-03-24,3483.4,3489.6,15.96
2017-03-27,3461.0,3478.039,16.04
2017-03-28,3458.0,3469.809,16.01
2017-03-29,3456.6,3465.193,15.87
2017-03-30,3431.6,3436.758,15.81
2017-03-31,3450.4,3456.046,16.01
2017-04-05,3507.2,3503.893,16.16
2017-04-06,3504.0,3514.047,16.1
2017-04-07,3510.6,3517.463,16.1
2017-04-10,3501.6,3505.139,15.97
2017-04-11,3505.0,3517.328,15.89
2017-04-12,3496.0,3509.439,15.89
2017-04-13,3508.6,3514.566,15.75
2017-04-14,3477.0,3486.505,15.51
2017-04-17,3472.4,3479.942,15.56
2017-04-18,3462.6,3462.743,15.3
2017-04-19,3440.0,3445.876,15.11
2017-04-20,3458.6,3461.548,14.91
2017-04-21,3441.2,3466.787,15.05
2017-04-24,3408.2,3431.259,15.0
2017-04-25,3422.6,3440.974,15.05
2017-04-26,3427.8,3445.183,15.05
2017-04-27,3426.8,3446.72,15.21
2017-04-28,3420.4,3439.753,15.21
2017-05-02,3407.4,3426.577,15.16
2017-05-03,3396.8,3413.128,15.08
2017-05-04,3383.4,3404.386,14.98
2017-05-05,3360.4,3382.55,14.92
2017-05-08,3339.4,3358.813,14.86
2017-05-09,3342.2,3352.532,14.76
2017-05-10,3323.8,3337.701,14.61
2017-05-11,3341.4,3356.646,14.75
2017-05-12,3367.2,3385.379,15.21
2017-05-15,3386.6,3399.194,15.27
2017-05-16,3431.0,3428.649,15.27
2017-05-17,3411.0,3409.966,15.21
2017-05-18,3392.4,3398.113,15.01
2017-05-19,3381.8,3403.849,15.02
2017-05-22,3382.2,3411.239,15.04
2017-05-23,3402.0,3424.194,15.43
2017-05-24,3402.0,3424.167,15.47
2017-05-25,3486.0,3485.658,12.93
2017-05-26,3480.6,3480.435,12.84
2017-05-31,3482.0,3492.885,12.84
2017-06-01,3489.0,3497.738,12.92
2017-06-02,3480.8,3486.507,12.89
2017-06-05,3456.6,3468.754,12.85
2017-06-06,3484.6,3492.882,12.8
2017-06-07,3533.0,3533.872,12.84
2017-06-08,3559.8,3560.979,12.84
2017-06-09,3578.6,3576.17,12.93
2017-06-12,3568.0,3574.389,12.78
2017-06-13,3576.2,3582.267,12.59
2017-06-14,3532.0,3535.299,12.46
2017-06-15,3524.0,3528.793,12.38
2017-06-16,3488.0,3518.761,12.35
2017-06-19,3530.0,3553.665,12.4
2017-06-20,3521.0,3546.494,12.29
2017-06-21,3558.4,3587.955,12.34
2017-06-22,3560.8,3590.343,12.57
2017-06-23,3597.4,3622.883,12.64
2017-06-26,3647.2,3668.092,12.64
2017-06-27,3650.4,3674.715,12.7
2017-06-28,3627.0,3646.167,12.79
2017-06-29,3649.0,3668.828,12.76
2017-06-30,3642.6,3666.798,12.65
2017-07-03,3625.8,3650.846,12.56
2017-07-04,3587.0,3619.984,12.55
2017-07-05,3640.8,3659.68,12.62
2017-07-06,3633.2,3660.097,12.66
2017-07-07,3627.2,3655.929,12.6
2017-07-10,3634.0,3653.687,12.53
2017-07-11,3661.8,3670.809,12.8
2017-07-12,3638.8,3658.824,12.86
2017-07-13,3679.2,3686.921,13.27
2017-07-14,3698.8,3703.094,13.59
2017-07-17,3649.8,3663.558,13.76
2017-07-18,3650.0,3667.181,13.55
2017-07-19,3729.4,3729.747,13.69
2017-07-20,3747.2,3747.884,13.62
2017-07-21,3738.0,3728.598,13.45
2017-07-24,3733.0,3743.469,13.67
2017-07-25,3704.8,3719.559,13.51
2017-07-26,3684.0,3705.388,13.38
2017-07-27,3690.6,3712.195,13.38
2017-07-28,3708.4,3721.891,13.47
2017-07-31,3722.2,3737.873,13.36
2017-08-01,3748.8,3770.383,13.43
2017-08-02,3753.4,3760.853,13.44
2017-08-03,3715.8,3727.826,13.08
2017-08-04,3692.0,3707.58,12.87
2017-08-07,3715.0,3726.795,12.93
2017-08-08,3717.4,3732.213,12.87
2017-08-09,3715.0,3731.044,12.76
2017-08-10,3701.0,3715.921,12.79
2017-08-11,3627.8,3647.35,12.68
2017-08-14,3681.4,3694.683,12.56
2017-08-15,3694.4,3706.057,12.59
2017-08-16,3689.6,3701.421,12.49
2017-08-17,3719.0,3721.277,12.53
2017-08-18,3705.0,3724.675,12.51
2017-08-21,3721.2,3740.994,12.51
2017-08-22,3732.6,3752.298,12.43
2017-08-23,3741.6,3756.088,12.57
2017-08-24,3724.0,3734.646,12.47
2017-08-25,3794.8,3795.754,12.78
2017-08-28,3843.8,3842.712,12.89
2017-08-29,3837.8,3834.538,12.96
2017-08-30,3834.2,3834.301,12.87
2017-08-31,3829.6,3822.093,12.71
2017-09-01,3837.8,3830.538,12.77
2017-09-04,3842.6,3845.616,12.78
2017-09-05,3854.2,3857.046,13.03
2017-09-06,3846.6,3849.45,12.96
2017-09-07,3828.2,3829.871,12.85
2017-09-08,3820.8,3825.99,13.03
2017-09-11,3831.4,3825.645,12.99
2017-09-12,3844.2,3837.934,13.04
2017-09-13,3844.2,3842.606,12.87
2017-09-14,3830.4,3829.955,12.85
2017-09-15,3834.2,3831.297,12.83
2017-09-18,3854.8,3843.143,12.91
2017-09-19,3823.8,3832.116,12.9
2017-09-20,3845.4,3842.435,12.88
2017-09-21,3837.2,3837.818,12.87
2017-09-22,3829.4,3837.73,12.89
2017-09-25,3801.4,3817.792,12.94
2017-09-26,3813.8,3820.782,12.86
2017-09-27,3819.8,3821.2,12.85
2017-09-28,3831.0,3822.539,12.84
2017-09-29,3849.2,3836.501,12.87
2017-10-10,3893.0,3889.864,13.1
2017-10-11,3902.2,3902.687,13.06
2017-10-12,3916.0,3912.954,13.05
2017-10-13,3933.0,3921.002,12.94
2017-10-16,3918.0,3913.446,13.04
2017-10-17,3911.0,3913.069,12.99
2017-10-18,3930.8,3944.163,13.07
2017-10-19,3922.6,3931.25,13.13
2017-10-20,3911.8,3926.852,13.01
2017-10-23,3922.0,3930.798,12.84
2017-10-24,3945.6,3959.395,12.86
2017-10-25,3967.0,3976.949,12.9
2017-10-26,3993.8,3993.575,12.82
2017-10-27,4021.8,4021.968,12.85
2017-10-30,3981.6,4009.722,12.7
2017-10-31,3993.8,4006.718,12.61
2017-11-01,3981.6,3996.622,12.54
2017-11-02,3987.4,3997.134,12.53
2017-11-03,3963.4,3992.698,12.58
2017-11-06,4008.4,4020.89,12.47
2017-11-07,4049.0,4054.247,12.54
2017-11-08,4046.6,4048.006,12.58
2017-11-09,4080.2,4075.9,12.55
2017-11-10,4115.6,4111.911,12.63
2017-11-13,4127.4,4128.073,12.8
2017-11-14,4101.0,4099.351,12.6
2017-11-15,4073.4,4073.67,12.6
2017-11-16,4106.2,4105.012,12.39
2017-11-17,4118.2,4120.851,12.78
2017-11-20,4146.0,4143.833,12.85
2017-11-21,4232.4,4217.702,12.94
2017-11-22,4235.6,4227.567,13.23
2017-11-23,4099.0,4102.397,13.06
2017-11-24,4099.2,4104.203,13.09
2017-11-27,4022.0,4049.948,13.1
2017-11-28,4041.2,4055.824,12.94
2017-11-29,4035.8,4053.753,12.94
2017-11-30,3982.0,4006.099,12.91
2017-12-01,3978.8,3998.137,12.91
2017-12-04,3999.0,4018.857,12.92
2017-12-05,4017.2,4040.17,13.17
2017-12-06,3988.0,4015.821,12.96
2017-12-07,3948.6,3971.057,12.96
2017-12-08,3998.0,4003.379,12.93
2017-12-11,4067.4,4069.5,12.97
2017-12-12,4010.2,4016.016,12.75
2017-12-13,4046.6,4050.093,12.74
2017-12-14,4030.0,4026.152,12.69
2017-12-15,3977.0,3980.856,12.62
2017-12-18,3984.8,3985.291,12.65
2017-12-19,4044.0,4035.329,12.75
2017-12-20,4029.0,4030.49,12.73
2017-12-21,4082.0,4067.849,12.7
2017-12-22,4069.2,4054.598,12.62
2017-12-25,4049.2,4041.54,12.59
2017-12-26,4068.8,4053.622,12.64
2017-12-27,3991.4,3991.208,12.62
2017-12-28,4030.0,4018.897,12.54
2017-12-29,4039.8,4030.855,12.59
2018-01-02,4104.0,4087.401,12.72
2018-01-03,4121.6,4111.393,12.66
2018-01-04,4135.8,4128.812,12.66
2018-01-05,4148.2,4138.751,12.69
2018-01-08,4163.8,4160.16,12.68
2018-01-09,4197.4,4189.298,12.7
2018-01-10,4212.2,4207.813,13.02
2018-01-11,4208.4,4205.586,12.94
2018-01-12,4229.0,4225.001,12.91
2018-01-15,4223.4,4225.239,13.02
2018-01-16,4269.2,4258.473,12.9
2018-01-17,4250.6,4248.116,13.1
2018-01-18,4280.0,4271.417,13.24
2018-01-19,4290.8,4285.395,13.24
2018-01-22,4354.8,4336.597,12.77
2018-01-23,4400.0,4382.613,12.9
2018-01-24,4404.6,4389.885,13.57
2018-01-25,4373.0,4365.079,13.65
2018-01-26,4397.8,4381.3,13.41
2018-01-29,4315.2,4302.018,13.46
2018-01-30,4267.6,4256.102,13.11
2018-01-31,4280.0,4275.899,13.17
2018-02-01,4239.4,4245.898,13.3
2018-02-02,4270.4,4271.233,13.14
2018-02-05,4264.0,4274.146,13.49
2018-02-06,4119.8,4148.886,13.48
2018-02-07,4023.0,4050.497,13.45
2018-02-08,3996.8,4012.047,13.1
2018-02-09,3781.2,3840.653,12.78
2018-02-12,3865.6,3890.105,12.49
2018-02-13,3920.6,3935.632,12.51
2018-02-14,3952.4,3966.961,12.46
2018-02-22,4025.4,4052.733,12.63
2018-02-23,4049.6,4071.089,12.72
2018-02-26,4108.2,4118.419,12.73
2018-02-27,4042.0,4058.981,12.69
2018-02-28,4002.0,4023.642,12.46
2018-03-01,4035.0,4049.086,12.47
2018-03-02,4010.0,4016.461,12.41
2018-03-05,3992.0,4018.097,12.42
2018-03-06,4064.0,4066.565,12.49
2018-03-07,4009.4,4036.654,12.49
2018-03-08,4065.2,4077.6,12.47
2018-03-09,4103.6,4108.865,12.48
2018-03-12,4119.4,4127.666,12.5
2018-03-13,4075.2,4091.253,12.49
2018-03-14,4065.0,4073.345,12.39
2018-03-15,4097.6,4096.163,12.39
2018-03-16,4082.0,4056.423,12.3
2018-03-19,4049.2,4074.248,12.31
2018-03-20,4049.6,4077.704,12.32
2018-03-21,4025.0,4061.05,12.29
2018-03-22,3983.4,4020.349,12.25
2018-03-23,3816.4,3904.936,11.71
2018-03-26,3854.0,3879.893,11.61
2018-03-27,3898.0,3913.269,11.62
2018-03-28,3809.2,3842.716,11.57
2018-03-29,3886.4,3894.05,11.62
2018-03-30,3884.2,3898.498,11.65
2018-04-02,3856.4,3886.919,11.71
2018-04-03,3853.6,3862.48,11.56
2018-04-04,3841.6,3854.863,11.53
2018-04-09,3845.8,3852.929,11.5
2018-04-10,3925.8,3927.173,11.77
2018-04-11,3932.6,3938.343,11.91
2018-04-12,3892.4,3898.635,11.78
2018-04-13,3860.4,3871.144,11.69
2018-04-16,3796.6,3808.863,11.55
2018-04-17,3738.8,3748.641,11.55
2018-04-18,3754.0,3766.282,11.73
2018-04-19,3811.0,3811.843,11.8
2018-04-20,3760.2,3760.854,11.61
2018-04-23,3748.0,3766.326,11.6
2018-04-24,3835.4,3843.489,11.78
2018-04-25,3818.0,3828.702,11.66
2018-04-26,3735.4,3755.494,11.57
2018-04-27,3746.0,3756.877,11.61
2018-05-02,3758.8,3763.646,11.03
2018-05-03,3786.0,3793.0,10.92
2018-05-04,3763.4,3774.598,10.83
2018-05-07,3827.2,3834.188,10.84
2018-05-08,3880.0,3878.677,10.95
2018-05-09,3869.0,3871.615,10.93
2018-05-10,3897.8,3893.057,10.95
2018-05-11,3876.2,3872.838,10.95
2018-05-14,3912.2,3909.293,11.0
2018-05-15,3924.6,3924.098,10.99
2018-05-16,3894.6,3892.844,10.87
2018-05-17,3861.4,3864.051,10.83
2018-05-18,3903.0,3903.064,10.9
2018-05-21,3907.4,3921.242,10.94
2018-05-22,3895.0,3906.208,10.88
2018-05-23,3835.4,3854.583,10.8
2018-05-24,3805.2,3827.217,10.79
2018-05-25,3789.2,3816.498,10.71
2018-05-28,3821.2,3833.26,10.76
2018-05-29,3775.0,3804.009,10.64
2018-05-30,3699.2,3723.372,10.44
2018-05-31,3784.0,3802.376,10.55
2018-06-01,3752.8,3770.589,10.68
2018-06-04,3786.0,3807.578,10.75
2018-06-05,3822.8,3845.316,10.66
2018-06-06,3823.6,3837.351,10.55
2018-06-07,3817.2,3831.013,10.62
2018-06-08,3761.0,3779.616,10.42
2018-06-11,3773.4,3779.982,10.42
2018-06-12,3818.0,3825.953,10.35
2018-06-13,3778.4,3788.339,10.21
2018-06-14,3768.6,3773.366,10.22
2018-06-15,3722.0,3753.434,10.3
2018-06-19,3569.6,3621.117,9.92
2018-06-20,3596.4,3635.444,9.89
2018-06-21,3546.6,3592.965,9.83
2018-06-22,3572.4,3608.905,9.76
2018-06-25,3509.2,3560.478,9.56
2018-06-26,3477.0,3531.111,9.48
2018-06-27,3388.2,3459.262,9.37
2018-06-28,3380.2,3423.526,9.5
2018-06-29,3477.2,3510.985,9.56
2018-07-02,3352.6,3407.964,9.29
2018-07-03,3364.8,3409.28,9.35
2018-07-04,3330.6,3363.747,9.31
2018-07-05,3303.4,3342.438,9.26
2018-07-06,3328.2,3365.123,9.37
2018-07-09,3439.8,3459.184,9.6
2018-07-10,3445.8,3467.516,9.57
2018-07-11,3379.4,3407.53,9.38
2018-07-12,3475.2,3481.056,9.57
2018-07-13,3476.6,3492.69,9.49
2018-07-16,3459.0,3472.086,9.41
2018-07-17,3442.0,3449.377,9.44
2018-07-18,3424.0,3431.323,9.51
2018-07-19,3431.8,3428.343,9.56
2018-07-20,3473.4,3492.894,9.87
2018-07-23,3509.2,3525.75,9.96
2018-07-24,3574.2,3581.706,10.02
2018-07-25,3568.2,3577.752,10.02
2018-07-26,3525.0,3536.246,9.96
2018-07-27,3520.0,3521.227,9.99
2018-07-30,3503.2,3515.079,10.13
2018-07-31,3512.6,3517.657,10.17
2018-08-01,3423.2,3447.388,9.91
2018-08-02,3345.0,3370.958,9.79
2018-08-03,3283.6,3315.284,9.83
2018-08-06,3259.8,3273.273,9.91
2018-08-07,3358.8,3368.87,10.11
2018-08-08,3304.8,3314.508,10.05
2018-08-09,3386.0,3397.53,10.14
2018-08-10,3397.0,3405.019,10.07
2018-08-13,3382.2,3390.344,9.98
2018-08-14,3369.6,3372.914,10.06
2018-08-15,3284.4,3291.976,9.9
2018-08-16,3271.4,3276.728,10.06
2018-08-17,3202.2,3229.62,9.98
2018-08-20,3251.0,3267.25,10.15
2018-08-21,3301.0,3326.649,10.12
2018-08-22,3300.2,3307.955,10.09
2018-08-23,3302.2,3320.026,10.07
2018-08-24,3309.8,3325.335,10.3
2018-08-27,3397.8,3406.574,10.33
2018-08-28,3387.0,3400.171,10.3
2018-08-29,3379.8,3386.574,10.32
2018-08-30,3343.0,3351.094,10.17
2018-08-31,3321.2,3334.504,10.33
2018-09-03,3310.4,3321.825,10.24
2018-09-04,3357.2,3363.898,10.37
2018-09-05,3277.8,3298.141,10.12
2018-09-06,3248.6,3262.881,10.14
2018-09-07,3273.2,3277.644,10.19
2018-09-10,3227.0,3230.068,10.18
2018-09-11,3219.0,3224.212,10.02
2018-09-12,3196.4,3202.025,10.04
2018-09-13,3238.4,3236.566,10.29
2018-09-14,3240.6,3242.09,10.26
2018-09-17,3207.2,3204.922,10.15
2018-09-18,3273.4,3269.432,10.26
2018-09-19,3311.0,3312.482,10.24
2018-09-20,3315.0,3310.126,10.22
2018-09-21,3428.2,3410.486,10.49
2018-09-25,3389.2,3379.804,10.35
2018-09-26,3422.2,3417.241,10.41
2018-09-27,3415.8,3403.59,10.48
2018-09-28,3448.8,3438.865,10.62
2018-10-08,3288.8,3290.899,10.16
2018-10-09,3287.0,3288.691,10.15
2018-10-10,3289.0,3281.598,10.17
2018-10-11,3106.8,3124.114,9.8
2018-10-12,3169.0,3170.726,10.03
2018-10-15,3122.4,3126.452,10.03
2018-10-16,3110.2,3100.974,10.05
2018-10-17,3121.0,3118.246,10.29
2018-10-18,3048.0,3044.392,10.19
2018-10-19,3108.2,3134.946,10.38
2018-10-22,3288.4,3270.273,10.62
2018-10-23,3180.2,3183.426,10.45
2018-10-24,3186.2,3188.202,10.74
2018-10-25,3203.6,3194.308,10.84
2018-10-26,3165.8,3173.635,10.92
2018-10-29,3077.0,3076.889,10.79
2018-10-30,3113.0,3110.261,10.95
2018-10-31,3151.0,3153.823,10.98
2018-11-01,3174.6,3177.034,10.89
2018-11-02,3306.6,3290.246,11.18
2018-11-05,3262.6,3262.835,11.14
2018-11-06,3245.0,3243.15,11.03
2018-11-07,3214.4,3221.91,10.9
2018-11-08,3215.2,3212.774,11.06
2018-11-09,3169.8,3167.444,10.75
2018-11-12,3204.0,3205.141,10.8
2018-11-13,3237.2,3237.382,10.82
2018-11-14,3204.4,3204.943,10.7
2018-11-15,3241.2,3242.372,10.77
2018-11-16,3259.8,3257.674,10.76
2018-11-19,3296.4,3294.603,10.88
2018-11-20,3223.4,3218.408,10.69
2018-11-21,3222.0,3226.492,10.66
2018-11-22,3212.0,3214.427,10.64
2018-11-23,3136.2,3143.475,10.5
2018-11-26,3130.4,3141.243,10.5
2018-11-27,3126.6,3137.241,10.49
2018-11-28,3171.4,3178.933,10.58
2018-11-29,3138.6,3137.654,10.63
2018-11-30,3168.0,3172.69,10.71
2018-12-03,3259.2,3260.95,11.02
2018-12-04,3270.0,3267.71,11.08
2018-12-05,3253.8,3252.004,11.0
2018-12-06,3187.8,3181.673,10.9
2018-12-07,3179.6,3181.565,10.89
2018-12-10,3148.6,3144.763,10.83
2018-12-11,3164.6,3159.816,10.72
2018-12-12,3172.4,3170.609,10.73
2018-12-13,3222.8,3219.692,10.8
2018-12-14,3169.4,3165.911,10.62
2018-12-17,3167.8,3161.197,10.78
2018-12-18,3128.4,3128.427,10.57
2018-12-19,3091.8,3091.126,10.54
2018-12-20,3073.2,3067.417,10.25
2018-12-21,3034.2,3029.395,10.07
2018-12-24,3037.0,3038.198,9.91
2018-12-25,3018.0,3017.282,9.79
2018-12-26,3005.0,3002.033,9.67
2018-12-27,2995.8,2990.506,9.66
2018-12-28,2996.0,3010.654,9.8
2019-01-02,2962.2,2969.535,9.7
2019-01-03,2962.6,2964.842,9.81
2019-01-04,3041.4,3035.874,9.96
2019-01-07,3047.2,3054.303,9.98
2019-01-08,3050.6,3047.704,9.96
2019-01-09,3072.0,3078.476,9.99
2019-01-10,3075.6,3072.686,9.96
2019-01-11,3099.2,3094.778,10.05
2019-01-14,3070.8,3067.785,10.06
2019-01-15,3130.0,3127.99,10.11
2019-01-16,3129.4,3128.652,10.13
2019-01-17,3114.6,3111.417,10.17
2019-01-18,3158.2,3168.174,10.43
2019-01-21,3186.6,3185.636,10.35
2019-01-22,3147.2,3143.317,10.25
2019-01-23,3138.4,3141.053,10.27
2019-01-24,3164.4,3158.782,10.38
2019-01-25,3188.8,3184.47,10.5
2019-01-28,3185.2,3183.778,10.42
2019-01-29,3200.0,3193.97,10.58
2019-01-30,3178.6,3168.483,10.5
2019-01-31,3207.4,3201.633,10.73
2019-02-01,3261.4,3247.397,10.77
2019-02-11,3305.6,3306.473,10.7
2019-02-12,3325.0,3330.335,10.72
2019-02-13,3397.4,3397.028,10.86
2019-02-14,3402.4,3402.14,10.82
2019-02-15,3352.6,3338.705,10.66
2019-02-18,3447.4,3445.745,10.84
2019-02-19,3438.0,3439.608,10.8
2019-02-20,3449.6,3451.927,10.83
2019-02-21,3448.0,3442.706,10.79
2019-02-22,3539.8,3520.118,11.01
2019-02-25,3800.2,3729.483,11.92
2019-02-26,3701.8,3684.694,11.65
2019-02-27,3685.2,3678.392,11.83
2019-02-28,3677.4,3669.37,11.74
2019-03-01,3750.0,3749.714,12.02
2019-03-04,3786.8,3794.104,12.02
2019-03-05,3822.8,3816.013,11.98
2019-03-06,3846.6,3848.09,12.02
2019-03-07,3808.8,3808.85,11.88
2019-03-08,3673.2,3657.579,11.5
2019-03-11,3721.0,3729.955,11.47
2019-03-12,3747.4,3755.352,11.44
2019-03-13,3720.8,3724.194,11.44
2019-03-14,3699.0,3698.486,11.46
2019-03-15,3741.2,3745.005,11.43
2019-03-18,3868.2,3851.748,11.59
2019-03-19,3836.0,3833.963,11.55
2019-03-20,3837.4,3835.44,11.55
2019-03-21,3830.0,3836.891,11.46
2019-03-22,3843.4,3833.801,11.39
2019-03-25,3740.8,3742.825,11.03
2019-03-26,3709.0,3700.439,11.09
2019-03-27,3730.0,3743.388,11.08
2019-03-28,3721.8,3728.395,11.03
2019-03-29,3876.2,3872.341,11.28
2019-04-01,3982.0,3973.928,11.44
2019-04-02,3971.2,3971.285,11.44
2019-04-03,4030.8,4022.157,11.5
2019-04-04,4085.6,4062.231,11.71
2019-04-08,4052.2,4057.229,11.72
2019-04-09,4081.6,4075.43,11.54
2019-04-10,4089.6,4085.847,11.48
2019-04-11,4013.0,3997.578,11.47
2019-04-12,3996.8,3988.617,11.49
2019-04-15,3967.8,3975.524,11.47
2019-04-16,4093.0,4085.789,11.95
2019-04-17,4080.6,4087.24,11.91
2019-04-18,4070.6,4072.075,11.91
2019-04-19,4130.2,4120.608,12.01
2019-04-22,4020.2,4025.611,11.71
2019-04-23,4018.8,4019.005,11.7
2019-04-24,4025.0,4030.089,11.62
2019-04-25,3948.6,3941.816,11.54
2019-04-26,3891.4,3889.275,11.32
2019-04-29,3914.8,3900.334,11.48
2019-04-30,3913.8,3913.211,11.97
2019-05-06,3668.0,3684.617,11.8
2019-05-07,3714.4,3720.668,11.8
2019-05-08,3664.2,3667.457,11.51
2019-05-09,3597.6,3599.7,11.12
2019-05-10,3711.0,3730.451,11.32
2019-05-13,3657.2,3668.726,11.31
2019-05-14,3638.6,3645.15,11.21
2019-05-15,3715.2,3727.092,11.32
2019-05-16,3732.8,3743.964,11.3
2019-05-17,3617.4,3648.761,11.24
2019-05-20,3587.8,3617.792,11.34
2019-05-21,3625.2,3666.776,11.32
2019-05-22,3622.0,3649.38,11.16
2019-05-23,3557.6,3583.965,11.1
2019-05-24,3569.4,3593.914,11.11
2019-05-27,3607.2,3637.197,11.22
2019-05-28,3626.0,3672.261,11.29
2019-05-29,3627.4,3663.909,11.12
2019-05-30,3619.4,3641.183,11.11
2019-05-31,3594.8,3629.789,11.13
2019-06-03,3613.8,3632.013,11.28
2019-06-04,3586.2,3598.467,11.35
2019-06-05,3574.6,3597.105,11.41
2019-06-06,3544.6,3564.678,11.47
2019-06-10,3591.8,3610.744,11.61
2019-06-11,3706.2,3719.276,11.42
2019-06-12,3676.0,3691.096,11.6
2019-06-13,3668.6,3685.393,11.7
2019-06-14,3645.0,3654.88,11.79
2019-06-17,3652.0,3654.825,11.77
2019-06-18,3661.2,3667.619,11.82
2019-06-19,3718.4,3715.938,11.88
2019-06-20,3821.6,3828.518,12.2
2019-06-21,3809.2,3833.938,12.09
2019-06-24,3814.0,3841.266,12.03
2019-06-25,3773.0,3801.31,11.66
2019-06-26,3769.0,3794.331,11.66
2019-06-27,3813.8,3834.817,11.64
2019-06-28,3817.6,3825.587,11.68
2019-07-01,3911.0,3935.812,11.71
2019-07-02,3913.0,3937.169,11.61
2019-07-03,3879.2,3893.534,11.56
2019-07-04,3855.8,3873.102,11.62
2019-07-05,3874.6,3893.203,11.57
2019-07-08,3780.0,3802.79,11.36
2019-07-09,3771.4,3793.13,11.37
2019-07-10,3772.6,3786.739,11.35
2019-07-11,3769.2,3785.221,11.4
2019-07-12,3799.8,3808.731,11.52
2019-07-15,3817.8,3824.188,11.5
2019-07-16,3803.4,3806.845,11.55
2019-07-17,3794.6,3804.638,11.48
2019-07-18,3770.6,3768.402,11.49
2019-07-19,3805.8,3807.955,11.58
2019-07-22,3769.2,3781.683,11.48
2019-07-23,3780.0,3789.914,11.49
2019-07-24,3810.0,3819.833,11.59
2019-07-25,3848.8,3851.067,11.88
2019-07-26,3851.8,3858.569,11.87
2019-07-29,3843.6,3854.27,11.86
2019-07-30,3861.4,3870.318,11.86
2019-07-31,3838.0,3835.359,11.87
2019-08-01,3798.4,3803.469,11.65
2019-08-02,3740.0,3747.438,11.48
2019-08-05,3667.0,3675.688,11.24
2019-08-06,3625.8,3636.329,11.09
2019-08-07,3598.2,3621.431,11.07
2019-08-08,3638.8,3669.294,11.26
2019-08-09,3621.6,3633.53,11.37
2019-08-12,3672.8,3699.105,11.43
2019-08-13,3652.2,3665.752,11.33
2019-08-14,3673.4,3682.402,11.28
2019-08-15,3688.4,3694.001,11.29
2019-08-16,3684.8,3710.539,11.22
2019-08-19,3783.4,3791.095,11.38
2019-08-20,3772.0,3787.732,11.37
2019-08-21,3775.0,3781.758,11.41
2019-08-22,3777.2,3793.506,11.43
2019-08-23,3805.2,3820.864,11.59
2019-08-26,3762.2,3765.911,11.3
2019-08-27,3803.4,3816.946,11.3
2019-08-28,3795.0,3802.584,11.32
2019-08-29,3782.2,3790.187,11.23
2019-08-30,3791.8,3799.586,11.28
2019-09-02,3832.6,3848.32,11.34
2019-09-03,3835.0,3853.611,11.35
2019-09-04,3888.0,3886.001,11.49
2019-09-05,3923.6,3925.323,11.62
2019-09-06,3958.0,3948.508,11.69
2019-09-09,3968.2,3972.948,11.75
2019-09-10,3960.6,3959.265,11.85
2019-09-11,3933.8,3930.1,11.95
2019-09-12,3976.8,3972.38,12.0
2019-09-16,3959.8,3957.715,11.93
2019-09-17,3888.4,3891.221,11.81
2019-09-18,3904.2,3910.084,11.93
2019-09-19,3925.0,3924.382,11.94
2019-09-20,3932.0,3935.651,11.95
2019-09-23,3894.8,3890.662,11.75
2019-09-24,3894.6,3901.076,11.75
2019-09-25,3869.6,3870.984,11.81
2019-09-26,3844.4,3841.139,11.97
2019-09-27,3855.8,3852.653,11.9
2019-09-30,3794.0,3814.528,11.84
2019-10-08,3828.0,3837.679,11.9
2019-10-09,3832.8,3843.239,11.99
2019-10-10,3863.8,3874.639,11.96
2019-10-11,3913.4,3911.725,12.45
2019-10-14,3945.2,3953.241,12.94
2019-10-15,3934.8,3936.25,13.09
2019-10-16,3917.8,3922.685,13.08
2019-10-17,3926.8,3925.222,13.17
2019-10-18,3880.6,3869.378,12.78
2019-10-21,3866.8,3880.84,12.91
2019-10-22,3878.8,3895.881,12.93
2019-10-23,3862.8,3871.085,12.86
2019-10-24,3870.4,3870.668,13.09
2019-10-25,3899.0,3896.792,12.9
2019-10-28,3919.0,3926.585,12.7
2019-10-29,3905.0,3910.226,12.77
2019-10-30,3877.0,3891.226,12.59
2019-10-31,3879.0,3886.752,12.51
2019-11-01,3959.4,3952.387,12.75
2019-11-04,3974.2,3978.122,12.74
2019-11-05,3996.4,4002.813,12.95
2019-11-06,3983.0,3984.882,12.92
2019-11-07,3990.2,3991.875,12.76
2019-11-08,3968.8,3973.011,12.57
2019-11-11,3906.6,3902.978,12.29
2019-11-12,3897.6,3903.689,12.24
2019-11-13,3900.0,3899.982,12.23
2019-11-14,3900.0,3905.857,12.14
2019-11-15,3879.0,3877.089,12.15
2019-11-18,3908.8,3907.929,12.24
2019-11-19,3953.6,3947.039,12.23
2019-11-20,3907.8,3907.864,12.04
2019-11-21,3888.4,3889.598,11.96
2019-11-22,3839.6,3849.995,11.99
2019-11-25,3873.4,3878.206,12.07
2019-11-26,3875.8,3891.653,12.06
2019-11-27,3878.8,3875.619,11.99
2019-11-28,3868.6,3862.303,11.96
2019-11-29,3827.4,3828.671,11.91
2019-12-02,3838.0,3836.059,11.87
2019-12-03,3856.6,3851.087,11.86
2019-12-04,3852.4,3849.819,11.75
2019-12-05,3880.0,3879.364,11.89
2019-12-06,3909.6,3902.385,11.92
2019-12-09,3900.4,3895.447,11.9
2019-12-10,3903.0,3900.384,11.86
2019-12-11,3909.2,3902.749,11.98
2019-12-12,3895.4,3891.024,11.9
2019-12-13,3979.6,3968.221,12.12
2019-12-16,3988.0,3987.546,12.13
2019-12-17,4048.2,4041.8,12.39
2019-12-18,4038.4,4032.783,12.4
2019-12-19,4028.8,4027.15,12.41
2019-12-20,4035.0,4017.253,12.42
2019-12-23,3979.4,3967.096,12.2
2019-12-24,3998.4,3992.958,12.28
2019-12-25,4002.8,3990.867,12.24
2019-12-26,4034.6,4025.988,12.29
2019-12-27,4028.0,4022.028,12.32
2019-12-30,4090.8,4081.633,12.34
2019-12-31,4109.4,4096.582,12.37
2020-01-02,4160.4,4152.241,12.47
2020-01-03,4151.8,4144.965,12.6
2020-01-06,4132.6,4129.295,12.46
2020-01-07,4162.4,4160.227,12.5
2020-01-08,4125.6,4112.317,12.32
2020-01-09,4166.4,4164.37,12.37
2020-01-10,4165.0,4163.185,12.39
2020-01-13,4210.8,4203.988,12.41
2020-01-14,4198.8,4189.886,12.43
2020-01-15,4163.2,4166.734,12.25
2020-01-16,4157.4,4149.043,12.2
2020-01-17,4151.6,4154.853,12.23
2020-01-20,4202.2,4185.83,12.25
2020-01-21,4123.4,4114.309,12.08
2020-01-22,4136.4,4131.931,11.77
2020-01-23,3994.2,4003.901,11.35
2020-02-03,3591.2,3688.358,10.47
2020-02-04,3766.8,3785.638,10.66
2020-02-05,3800.4,3828.527,10.7
2020-02-06,3891.8,3899.775,10.79
2020-02-07,3892.8,3899.869,10.86
2020-02-10,3891.4,3916.005,10.77
2020-02-11,3935.6,3952.464,10.86
2020-02-12,3966.4,3984.433,10.86
2020-02-13,3953.0,3959.919,10.76
2020-02-14,3983.8,3987.734,10.86
2020-02-17,4079.2,4077.424,11.18
2020-02-18,4046.2,4057.511,11.06
2020-02-19,4049.2,4051.311,11.11
2020-02-20,4138.4,4144.656,11.23
2020-02-21,4158.6,4149.49,11.3
2020-02-24,4120.0,4132.839,11.16
2020-02-25,4117.0,4123.854,11.09
2020-02-26,4076.0,4073.015,11.2
2020-02-27,4077.8,4084.876,11.21
2020-02-28,3925.8,3940.049,10.85
2020-03-02,4056.4,4069.666,11.04
2020-03-03,4072.4,4091.362,11.06
2020-03-04,4106.2,4115.052,11.03
2020-03-05,4191.8,4206.725,11.32
2020-03-06,4120.8,4138.507,11.12
2020-03-09,3977.8,3997.133,10.78
2020-03-10,4072.2,4082.732,10.87
2020-03-11,4001.4,4028.429,10.77
2020-03-12,3949.0,3950.911,10.64
2020-03-13,3894.2,3895.313,10.7
2020-03-16,3692.0,3727.84,10.51
2020-03-17,3682.0,3709.682,10.43
2020-03-18,3610.0,3636.257,10.21
2020-03-19,3584.0,3589.093,9.94
2020-03-20,3624.0,3653.224,10.09
2020-03-23,3508.6,3530.306,9.84
2020-03-24,3598.0,3625.115,10.06
2020-03-25,3687.2,3722.518,10.15
2020-03-26,3663.4,3698.047,10.23
2020-03-27,3680.2,3710.061,10.24
2020-03-30,3662.8,3674.111,10.28
2020-03-31,3652.0,3686.155,10.15
2020-04-01,3648.2,3675.076,10.09
2020-04-02,3726.8,3734.531,10.2
2020-04-03,3694.6,3713.218,10.15
2020-04-07,3775.6,3798.021,10.28
2020-04-08,3764.8,3780.345,10.24
2020-04-09,3779.6,3792.811,10.2
2020-04-10,3763.2,3769.178,10.21
2020-04-13,3745.0,3753.257,10.11
2020-04-14,3812.0,3825.699,10.25
2020-04-15,3789.4,3797.362,10.18
2020-04-16,3796.8,3802.381,10.16
2020-04-17,3850.4,3839.487,10.2
2020-04-20,3807.4,3853.455,10.11
2020-04-21,3762.4,3808.047,10.03
2020-04-22,3801.6,3839.383,10.07
2020-04-23,3788.8,3829.753,10.06
2020-04-24,3775.0,3796.972,10.06
2020-04-27,3795.2,3822.769,10.34
2020-04-28,3816.8,3849.147,10.33
2020-04-29,3838.4,3867.032,10.61
2020-04-30,3904.6,3912.577,10.63
2020-05-06,3916.4,3936.254,10.46
2020-05-07,3908.6,3924.895,10.39
2020-05-08,3949.0,3963.622,10.44
2020-05-11,3947.0,3960.18,10.43
2020-05-12,3948.0,3960.238,10.34
2020-05-13,3958.8,3968.253,10.38
2020-05-14,3928.0,3925.218,10.3
2020-05-15,3861.0,3912.816,10.28
2020-05-18,3881.4,3922.912,10.32
2020-05-19,3911.8,3956.25,10.35
2020-05-20,3898.6,3935.222,10.41
2020-05-21,3870.2,3913.795,10.33
2020-05-22,3783.0,3824.064,10.14
2020-05-25,3792.6,3829.325,10.27
2020-05-26,3828.8,3872.77,10.27
2020-05-27,3811.2,3845.614,10.35
2020-05-28,3815.8,3856.632,10.53
2020-05-29,3820.0,3867.023,10.57
2020-06-01,3938.8,3971.34,10.65
2020-06-02,3955.0,3983.568,10.68
2020-06-03,3951.0,3983.648,10.7
2020-06-04,3952.0,3982.185,10.64
2020-06-05,3979.0,4001.251,10.67
2020-06-08,3991.4,4021.955,10.61
2020-06-09,4014.8,4047.029,10.68
2020-06-10,4013.8,4039.705,10.58
2020-06-11,3965.0,3995.885,10.48
2020-06-12,3986.2,4003.083,10.55
2020-06-15,3929.4,3954.988,10.35
2020-06-16,4000.0,4014.57,10.45
2020-06-17,4007.0,4017.594,10.47
2020-06-18,4042.0,4044.384,10.5
2020-06-19,4046.8,4098.71,10.61
2020-06-22,4051.2,4102.046,10.55
2020-06-23,4074.0,4121.794,10.48
2020-06-24,4109.6,4138.99,10.6
2020-06-29,4078.0,4109.716,10.57
2020-06-30,4120.6,4163.964,10.58
2020-07-01,4218.8,4247.784,10.74
2020-07-02,4323.2,4335.845,11.05
2020-07-03,4407.0,4419.596,11.19
2020-07-06,4734.0,4670.095,12.2
2020-07-07,4712.2,4698.126,12.11
2020-07-08,4759.6,4774.004,12.14
2020-07-09,4835.8,4840.771,11.99
2020-07-10,4745.0,4753.133,11.6
2020-07-13,4838.0,4852.961,11.66
2020-07-14,4793.0,4806.69,11.38
2020-07-15,4736.2,4744.469,11.18
2020-07-16,4496.0,4516.253,11.2
2020-07-17,4526.4,4544.701,11.27
2020-07-20,4644.8,4680.305,11.52
2020-07-21,4657.4,4691.043,11.54
2020-07-22,4681.0,4714.445,11.62
2020-07-23,4688.6,4712.436,10.84
2020-07-24,4465.0,4505.591,10.42
2020-07-27,4497.0,4528.45,10.37
2020-07-28,4528.8,4568.258,10.39
2020-07-29,4672.4,4679.008,10.51
2020-07-30,4635.0,4656.151,10.4
2020-07-31,4659.6,4695.046,10.36
2020-08-03,4740.6,4771.311,10.41
2020-08-04,4756.6,4775.802,10.66
2020-08-05,4742.0,4777.109,10.51
2020-08-06,4732.0,4762.764,10.53
2020-08-07,4684.0,4707.926,10.43
2020-08-10,4700.0,4724.87,10.52
2020-08-11,4652.8,4681.784,10.47
2020-08-12,4626.8,4647.645,10.56
2020-08-13,4606.4,4635.713,10.51
2020-08-14,4717.4,4704.629,10.59
2020-08-17,4812.2,4815.226,10.84
2020-08-18,4803.6,4812.756,10.69
2020-08-19,4729.4,4740.678,10.58
2020-08-20,4682.8,4679.154,10.47
2020-08-21,4693.0,4718.843,10.5
2020-08-24,4711.0,4755.849,10.46
2020-08-25,4733.4,4761.951,10.45
2020-08-26,4674.0,4706.13,10.37
2020-08-27,4710.4,4731.345,10.35
2020-08-28,4843.6,4844.265,10.46
2020-08-31,4786.0,4816.215,10.36
2020-09-01,4826.0,4842.122,10.29
2020-09-02,4808.2,4843.887,10.18
2020-09-03,4798.6,4817.095,10.12
2020-09-04,4752.8,4770.219,10.07
2020-09-07,4645.6,4669.368,10.01
2020-09-08,4680.8,4694.389,10.05
2020-09-09,4577.2,4584.589,10.01
2020-09-10,4575.2,4581.978,9.96
2020-09-11,4612.6,4627.283,9.92
2020-09-14,4644.8,4651.051,9.9
2020-09-15,4677.6,4688.483,9.86
2020-09-16,4648.2,4657.358,9.86
2020-09-17,4625.6,4632.714,9.83
2020-09-18,4734.8,4737.089,9.94
2020-09-21,4673.6,4691.428,9.84
2020-09-22,4617.8,4635.761,9.7
2020-09-23,4621.2,4652.327,9.63
2020-09-24,4548.4,4563.066,9.5
2020-09-25,4563.4,4570.022,9.47
2020-09-28,4577.0,4581.909,9.46
2020-09-29,4586.2,4591.799,9.43
2020-09-30,4555.4,4587.395,9.39
2020-10-09,4660.4,4681.141,9.42
2020-10-12,4819.6,4823.158,9.59
2020-10-13,4832.2,4839.201,9.54
2020-10-14,4813.6,4807.102,9.53
2020-10-15,4802.6,4798.736,9.62
2020-10-16,4787.6,4791.676,9.72
2020-10-19,4731.6,4755.488,9.65
2020-10-20,4762.0,4793.467,9.58
2020-10-21,4769.6,4792.828,9.7
2020-10-22,4751.0,4777.985,9.65
2020-10-23,4711.0,4718.488,9.7
2020-10-26,4670.0,4691.236,9.6
2020-10-27,4680.6,4699.279,9.48
2020-10-28,4724.2,4737.272,9.4
2020-10-29,4770.4,4772.92,9.37
2020-10-30,4683.6,4695.334,9.26
2020-11-02,4711.0,4720.831,9.25
2020-11-03,4756.8,4777.561,9.3
2020-11-04,4799.2,4813.656,9.34
2020-11-05,4875.0,4885.112,9.36
2020-11-06,4879.8,4885.718,9.39
2020-11-09,4974.4,4981.35,9.43
2020-11-10,4950.0,4953.876,9.46
2020-11-11,4907.4,4904.898,9.56
2020-11-12,4902.6,4908.463,9.43
2020-11-13,4850.6,4856.851,9.36
2020-11-16,4904.6,4904.172,9.45
2020-11-17,4891.6,4894.786,9.53
2020-11-18,4885.6,4891.672,9.7
2020-11-19,4933.6,4927.989,9.74
2020-11-20,4937.2,4943.288,9.67
2020-11-23,4995.0,5005.027,9.9
2020-11-24,4971.8,4974.286,9.85
2020-11-25,4910.0,4910.7,9.81
2020-11-26,4914.0,4919.591,9.98
2020-11-27,4987.8,4980.765,10.2
2020-11-30,4961.2,4960.252,10.06
2020-12-01,5075.0,5067.098,10.3
2020-12-02,5064.4,5067.145,10.25
2020-12-03,5062.2,5057.06,10.24
2020-12-04,5072.4,5065.916,10.17
2020-12-07,5028.2,5022.235,9.99
2020-12-08,5013.8,5009.879,9.98
2020-12-09,4954.0,4942.699,9.91
2020-12-10,4943.8,4940.525,9.82
2020-12-11,4887.4,4889.629,9.7
2020-12-14,4931.8,4934.835,9.75
2020-12-15,4943.6,4945.1,9.71
2020-12-16,4955.0,4953.867,9.65
2020-12-17,5029.8,5017.478,9.77
2020-12-18,4993.0,4999.968,9.76
2020-12-21,5040.8,5046.84,9.75
2020-12-22,4965.0,4964.773,9.61
2020-12-23,5001.8,5007.124,9.55
2020-12-24,5002.6,5000.015,9.55
2020-12-25,5043.4,5042.014,9.58
2020-12-28,5064.2,5064.415,9.57
2020-12-29,5052.2,5042.936,9.53
2020-12-30,5115.8,5113.711,9.5
2020-12-31,5227.0,5211.289,9.68
2021-01-04,5260.0,5267.718,9.69
2021-01-05,5359.8,5368.505,9.68
2021-01-06,5408.4,5417.668,9.82
2021-01-07,5530.0,5513.657,9.81
2021-01-08,5505.4,5495.431,9.83
2021-01-11,5436.8,5441.158,9.69
2021-01-12,5596.8,5596.353,9.78
2021-01-13,5578.6,5577.971,9.84
2021-01-14,5478.4,5470.456,9.87
2021-01-15,5438.6,5458.081,9.92
2021-01-18,5508.0,5518.521,10.08
2021-01-19,5436.4,5437.523,10.16
2021-01-20,5462.6,5476.434,9.98
2021-01-21,5550.0,5564.969,9.97
2021-01-22,5544.8,5569.776,9.79
2021-01-25,5589.0,5625.923,9.72
2021-01-26,5497.6,5512.968,9.68
2021-01-27,5495.0,5528.003,9.73
2021-01-28,5376.0,5377.143,9.66
2021-01-29,5342.4,5351.965,9.96
2021-02-01,5406.0,5417.648,10.44
2021-02-02,5469.6,5501.092,10.22
2021-02-03,5473.8,5485.201,10.26
2021-02-04,5472.2,5473.948,10.28
2021-02-05,5473.8,5483.414,10.72
2021-02-08,5535.8,5564.562,10.72
2021-02-09,5671.4,5686.25,10.68
2021-02-10,5801.0,5807.719,10.69
2021-02-18,5747.2,5768.381,10.83
2021-02-19,5746.2,5778.842,10.97
2021-02-22,5578.0,5597.333,10.71
2021-02-23,5563.6,5579.668,10.78
2021-02-24,5419.6,5437.568,10.6
2021-02-25,5466.8,5469.558,10.8
2021-02-26,5315.0,5336.761,10.54
2021-03-01,5391.2,5418.784,10.58
2021-03-02,5310.0,5349.63,10.47
2021-03-03,5411.0,5452.213,10.92
2021-03-04,5268.6,5280.706,10.88
2021-03-05,5255.4,5262.796,10.86
2021-03-08,5049.6,5080.025,10.75
2021-03-09,4966.2,4970.999,10.73
2021-03-10,4981.0,5003.612,10.72
2021-03-11,5112.0,5128.216,10.9
2021-03-12,5120.0,5146.379,10.9
2021-03-15,5028.8,5035.544,11.12
2021-03-16,5053.2,5079.362,11.11
2021-03-17,5074.2,5100.858,10.92
2021-03-18,5134.8,5141.768,11.03
2021-03-19,5006.0,5007.091,10.65
2021-03-22,5000.6,5057.152,10.75
2021-03-23,4977.4,5009.246,10.78
2021-03-24,4917.4,4928.685,10.68
2021-03-25,4916.6,4926.347,10.63
2021-03-26,5016.4,5037.99,10.62
2021-03-29,5012.0,5046.877,10.48
2021-03-30,5052.0,5094.729,11.01
2021-03-31,5017.2,5048.361,10.99
2021-04-01,5093.6,5110.777,10.89
2021-04-02,5140.8,5161.557,10.76
2021-04-06,5101.0,5140.342,10.7
2021-04-07,5068.0,5103.743,10.65
2021-04-08,5087.8,5112.209,10.66
2021-04-09,5021.6,5035.337,10.59
2021-04-12,4952.2,4947.746,10.73
2021-04-13,4950.6,4939.644,10.76
2021-04-14,4976.8,4980.628,10.59
2021-04-15,4954.0,4948.974,10.43
2021-04-16,4938.4,4966.181,10.54
2021-04-19,5072.8,5087.017,10.58
2021-04-20,5063.8,5083.365,10.5
2021-04-21,5068.0,5098.745,10.58
2021-04-22,5057.2,5089.244,10.43
2021-04-23,5119.4,5135.453,10.43
2021-04-26,5042.0,5077.237,10.3
2021-04-27,5059.2,5090.52,10.27
2021-04-28,5103.6,5119.242,10.25
2021-04-29,5157.6,5164.169,10.54
2021-04-30,5106.8,5123.489,10.05
2021-05-06,5046.0,5061.124,10.1
2021-05-07,4981.6,4996.053,10.03
2021-05-10,4988.6,4992.422,9.95
2021-05-11,5017.6,5023.06,10.05
2021-05-12,5045.6,5044.548,10.12
2021-05-13,4992.8,4992.974,10.09
2021-05-14,5121.4,5110.59,10.19
2021-05-17,5186.2,5184.985,10.21
2021-05-18,5186.8,5187.601,10.22
2021-05-19,5173.0,5172.272,10.12
2021-05-20,5183.8,5186.412,10.16
2021-05-21,5106.4,5134.148,10.09
2021-05-24,5135.2,5155.588,10.09
2021-05-25,5315.8,5318.478,10.32
2021-05-26,5315.8,5320.593,10.35
2021-05-27,5333.0,5338.233,10.29
2021-05-28,5314.0,5321.089,10.35
2021-05-31,5319.8,5331.57,10.27
2021-06-01,5323.0,5341.68,10.19
2021-06-02,5280.8,5289.974,10.22
2021-06-03,5233.2,5255.286,10.23
2021-06-04,5269.2,5282.277,10.23
2021-06-07,5263.8,5277.627,10.23
2021-06-08,5219.8,5232.117,10.31
2021-06-09,5230.6,5236.449,10.21
2021-06-10,5268.6,5271.466,10.23
2021-06-11,5216.2,5224.703,10.17
2021-06-15,5157.2,5166.56,10.03
2021-06-16,5081.0,5080.491,10.05
2021-06-17,5093.0,5101.892,10.04
2021-06-18,5094.6,5102.466,10.1
2021-06-21,5062.2,5090.385,10.04
2021-06-22,5080.2,5122.158,10.0
2021-06-23,5116.6,5147.394,9.99
2021-06-24,5133.6,5155.974,10.02
2021-06-25,5220.0,5239.968,10.08
2021-06-28,5223.0,5251.76,10.01
2021-06-29,5163.8,5190.545,9.98
2021-06-30,5192.6,5224.041,10.0
2021-07-01,5155.6,5229.664,10.03
2021-07-02,5045.2,5081.117,9.93
2021-07-05,5062.0,5085.792,9.92
2021-07-06,5067.0,5083.104,9.99
2021-07-07,5124.2,5140.49,10.03
2021-07-08,5076.4,5088.257,9.94
2021-07-09,5051.0,5069.436,9.91
2021-07-12,5112.0,5132.709,9.91
2021-07-13,5134.0,5142.099,9.96
2021-07-14,5075.0,5083.085,9.83
2021-07-15,5145.8,5151.463,9.94
2021-07-16,5074.4,5094.773,9.98
2021-07-19,5097.8,5113.495,10.01
2021-07-20,5087.2,5108.994,9.99
2021-07-21,5120.8,5144.043,9.55
2021-07-22,5126.2,5151.752,9.64
2021-07-23,5073.2,5089.228,9.58
2021-07-26,4892.0,4925.299,9.34
2021-07-27,4720.4,4751.313,9.15
2021-07-28,4737.6,4760.483,9.21
2021-07-29,4804.8,4850.275,9.12
2021-07-30,4773.6,4811.17,9.03
2021-08-02,4891.4,4933.736,9.13
2021-08-03,4903.4,4934.458,9.12
2021-08-04,4923.2,4978.848,9.07
2021-08-05,4893.4,4948.67,9.05
2021-08-06,4891.6,4921.565,9.08
2021-08-09,4943.2,4985.563,9.17
2021-08-10,5013.2,5043.148,9.2
2021-08-11,4973.4,5015.341,9.21
2021-08-12,4949.0,4973.351,9.17
2021-08-13,4933.4,4945.983,9.18
2021-08-16,4934.2,4941.068,9.22
2021-08-17,4825.8,4837.403,9.19
2021-08-18,4879.0,4894.238,9.33
2021-08-19,4853.0,4862.139,9.23
2021-08-20,4718.0,4769.268,9.27
2021-08-23,4789.8,4835.878,9.2
2021-08-24,4851.8,4888.39,9.21
2021-08-25,4851.2,4898.157,9.19
2021-08-26,4775.8,4801.609,9.14
2021-08-27,4795.2,4827.043,9.17
2021-08-30,4777.0,4813.27,8.96
2021-08-31,4778.4,4805.61,9.05
2021-09-01,4856.4,4869.459,9.18
2021-09-02,4854.2,4869.411,9.23
2021-09-03,4835.2,4843.062,9.24
2021-09-06,4914.0,4933.726,9.21
2021-09-07,4984.4,4992.829,9.34
2021-09-08,4961.0,4972.132,9.34
2021-09-09,4958.8,4970.013,9.3
2021-09-10,5016.8,5013.522,9.41
2021-09-13,4985.2,4991.66,9.39
2021-09-14,4917.2,4917.162,9.21
2021-09-15,4869.8,4867.319,9.19
2021-09-16,4812.6,4807.698,9.12
2021-09-17,4848.2,4855.94,9.11
2021-09-22,4814.6,4821.768,9.03
