,date,open,high,low,close,volume,return_rate
0,2017-01-17,3308.6,3326.0,3291.4,3315.4,10767,
1,2017-01-18,3315.2,3358.2,3310.2,3345.0,9632,0.008928032816553027
2,2017-01-19,3335.4,3350.2,3320.0,3326.0,7728,-0.005680119581464873
3,2017-01-20,3320.2,3356.6,3320.2,3353.0,9525,0.008117859290438966
4,2017-01-23,3355.2,3379.2,3347.8,3352.0,7862,-0.00029824038174768865
5,2017-01-24,3358.0,3364.4,3342.6,3353.4,6796,0.0004176610978520558
6,2017-01-25,3346.0,3370.0,3336.0,3369.2,6715,0.0047116359515714575
7,2017-01-26,3370.4,3394.8,3370.0,3377.6,6096,0.002493173453638873
8,2017-02-03,3387.0,3387.6,3342.6,3357.0,6655,-0.006099005210800541
9,2017-02-06,3358.0,3368.6,3343.0,3354.0,7671,-0.0008936550491510277
10,2017-02-07,3354.6,3360.6,3331.2,3349.0,7257,-0.0014907573047107932
11,2017-02-08,3344.8,3373.8,3328.8,3369.4,8905,0.006091370558375661
12,2017-02-09,3367.0,3400.8,3366.6,3380.6,8169,0.003324033952632462
13,2017-02-10,3386.4,3410.2,3382.6,3402.0,8802,0.006330237235993638
14,2017-02-13,3409.4,3426.2,3404.4,3419.0,8678,0.0049970605526161085
15,2017-02-14,3423.2,3424.6,3411.0,3419.4,7010,0.00011699327288683562
16,2017-02-15,3418.8,3437.8,3408.8,3410.2,7679,-0.002690530502427406
17,2017-02-16,3414.8,3433.6,3410.0,3432.4,5645,0.0065098821183509105
18,2017-02-17,3420.0,3439.6,3391.0,3392.4,11628,-0.011653653420347278
19,2017-02-20,3401.0,3464.4,3400.2,3462.6,16250,0.020693314467633478
20,2017-02-21,3459.8,3475.8,3455.6,3459.2,15502,-0.000981921099751658
21,2017-02-22,3461.8,3469.6,3453.0,3467.0,13003,0.002254856614246121
22,2017-02-23,3463.4,3468.8,3441.0,3453.6,14452,-0.003865012979521226
23,2017-02-24,3450.0,3455.8,3438.2,3453.0,12742,-0.0001737317581653663
24,2017-02-27,3450.0,3453.2,3418.2,3426.6,13212,-0.007645525629887081
25,2017-02-28,3431.6,3445.6,3421.0,3429.4,13489,0.000817136520165815
26,2017-03-01,3430.0,3461.6,3427.8,3435.2,15034,0.0016912579459963046
27,2017-03-02,3444.4,3449.8,3412.0,3418.0,14706,-0.005006986492780571
28,2017-03-03,3413.0,3415.0,3391.0,3405.0,14394,-0.0038033937975424223
29,2017-03-06,3405.2,3431.0,3402.8,3422.0,14571,0.00499265785609398
30,2017-03-07,3422.6,3432.6,3417.4,3432.6,11863,0.0030976037405026037
31,2017-03-08,3430.0,3436.4,3421.4,3430.4,11551,-0.00064091359319461
32,2017-03-09,3424.6,3425.6,3389.2,3403.8,15795,-0.007754197761194003
33,2017-03-10,3403.0,3416.8,3402.0,3406.6,12514,0.0008226100240906419
34,2017-03-13,3407.4,3454.0,3395.6,3452.8,16304,0.013561909235014465
35,2017-03-14,3452.6,3454.8,3440.6,3446.0,11545,-0.001969416126042685
36,2017-03-15,3440.0,3458.6,3438.2,3451.4,13454,0.0015670342426001424
37,2017-03-16,3477.0,3495.4,3470.0,3481.4,11259,0.008692124934809062
38,2017-03-17,3461.0,3467.0,3396.2,3407.2,16559,-0.021313264778537448
39,2017-03-20,3423.2,3426.6,3405.8,3417.6,13051,0.00305235970885187
40,2017-03-21,3415.6,3435.6,3409.0,3435.0,14060,0.005091292134831488
41,2017-03-22,3415.0,3433.6,3399.0,3421.4,15137,-0.003959243085880614
42,2017-03-23,3425.8,3450.0,3409.0,3433.8,17346,0.0036242473841117937
43,2017-03-24,3438.4,3494.4,3438.0,3483.4,17054,0.0144446385928126
44,2017-03-27,3479.2,3489.6,3460.4,3461.0,14595,-0.006430498937819397
45,2017-03-28,3472.0,3472.8,3450.0,3458.0,13020,-0.0008668015024559376
46,2017-03-29,3463.2,3471.8,3439.6,3456.6,15005,-0.000404858299595168
47,2017-03-30,3451.2,3461.8,3422.2,3431.6,18073,-0.007232540646878435
48,2017-03-31,3431.0,3452.8,3429.2,3450.4,13610,0.005478493996969397
49,2017-04-05,3485.0,3511.2,3471.8,3507.2,16966,0.016461859494551277
50,2017-04-06,3508.0,3509.0,3487.0,3504.0,13606,-0.0009124087591240357
51,2017-04-07,3501.8,3520.8,3494.2,3510.6,13559,0.0018835616438355905
52,2017-04-10,3513.0,3513.8,3500.8,3501.6,10484,-0.00256366433088361
53,2017-04-11,3550.0,3550.0,3460.2,3505.0,16548,0.0009709846927119291
54,2017-04-12,3502.0,3512.4,3486.2,3496.0,14280,-0.0025677603423680455
55,2017-04-13,3495.6,3519.0,3491.4,3508.6,12549,0.0036041189931349856
56,2017-04-14,3507.6,3511.8,3472.8,3477.0,14666,-0.00900644131562444
57,2017-04-17,3471.0,3479.6,3455.2,3472.4,15781,-0.0013229795800977593
58,2017-04-18,3470.2,3485.8,3461.4,3462.6,13572,-0.002822255500518426
59,2017-04-19,3459.2,3461.4,3426.0,3440.0,15082,-0.006526887310113761
60,2017-04-20,3440.0,3463.8,3439.4,3458.6,10235,0.00540697674418602
61,2017-04-21,3445.0,3456.0,3432.4,3441.2,14686,-0.005030937373503757
62,2017-04-24,3439.0,3441.8,3398.2,3408.2,16700,-0.009589678019295595
63,2017-04-25,3413.0,3434.0,3412.4,3422.6,13559,0.004225104160553985
64,2017-04-26,3427.2,3448.8,3425.4,3427.8,14130,0.0015193128031322015
65,2017-04-27,3421.6,3435.2,3391.0,3426.8,16466,-0.0002917323064356147
66,2017-04-28,3426.0,3430.8,3404.2,3420.4,12840,-0.00186763160966502
67,2017-05-02,3413.8,3422.0,3404.0,3407.4,10671,-0.0038007250613963277
68,2017-05-03,3410.0,3419.6,3390.4,3396.8,12320,-0.0031108763279919906
69,2017-05-04,3391.2,3412.8,3382.0,3383.4,13859,-0.003944889307583635
70,2017-05-05,3379.8,3384.8,3351.2,3360.4,14100,-0.006797895607968315
71,2017-05-08,3361.0,3368.0,3331.2,3339.4,14202,-0.006249256040947506
72,2017-05-09,3335.0,3351.8,3326.0,3342.2,14041,0.0008384739773611209
73,2017-05-10,3346.8,3354.6,3323.2,3323.8,13822,-0.005505355753695062
74,2017-05-11,3320.0,3352.6,3310.0,3341.4,15477,0.005295144112160752
75,2017-05-12,3341.6,3370.6,3338.4,3367.2,14561,0.007721314419105682
76,2017-05-15,3376.6,3399.0,3376.6,3386.6,12135,0.0057614635305298445
77,2017-05-16,3383.0,3431.2,3370.0,3431.0,14494,0.013110494301068946
78,2017-05-17,3425.2,3431.2,3409.2,3411.0,10711,-0.005829204313611192
79,2017-05-18,3394.8,3412.4,3388.0,3392.4,8347,-0.005452946350043949
80,2017-05-19,3381.2,3388.4,3373.6,3381.8,12395,-0.003124631529300763
81,2017-05-22,3380.0,3405.6,3371.2,3382.2,15003,0.00011828020580745052
82,2017-05-23,3384.2,3421.6,3379.2,3402.0,17974,0.005854177754124589
83,2017-05-24,3399.2,3407.6,3374.0,3402.0,16750,0.0
84,2017-05-25,3402.4,3493.6,3400.6,3486.0,19227,0.024691358024691357
85,2017-05-26,3485.8,3500.0,3470.2,3480.6,13469,-0.001549053356282298
86,2017-05-31,3505.4,3516.8,3466.2,3482.0,14231,0.00040222950066083174
87,2017-06-01,3479.4,3495.0,3474.2,3489.0,12816,0.002010338885697875
88,2017-06-02,3486.0,3494.8,3461.0,3480.8,13699,-0.002350243622814508
89,2017-06-05,3482.0,3488.6,3456.0,3456.6,12122,-0.006952424729947217
90,2017-06-06,3460.0,3485.6,3456.2,3484.6,12558,0.008100445524503848
91,2017-06-07,3484.4,3536.0,3481.6,3533.0,15078,0.013889686047179042
92,2017-06-08,3531.0,3566.2,3526.2,3559.8,13699,0.007585621285026941
93,2017-06-09,3563.0,3589.6,3558.4,3578.6,13058,0.005281195572784911
94,2017-06-12,3570.8,3598.0,3562.0,3568.0,13594,-0.002962052199184013
95,2017-06-13,3565.0,3588.0,3554.6,3576.2,13392,0.0022982062780268547
96,2017-06-14,3570.0,3573.0,3528.8,3532.0,12903,-0.012359487724400152
97,2017-06-15,3530.0,3550.8,3512.4,3524.0,11443,-0.0022650056625141564
98,2017-06-16,3508.8,3518.8,3483.2,3488.0,12379,-0.01021566401816118
99,2017-06-19,3499.8,3538.0,3494.6,3530.0,14329,0.012041284403669725
100,2017-06-20,3535.0,3545.6,3513.4,3521.0,12735,-0.0025495750708215297
101,2017-06-21,3540.4,3558.4,3512.2,3558.4,15813,0.010621982391366115
102,2017-06-22,3556.2,3606.0,3552.0,3560.8,17959,0.0006744604316547018
103,2017-06-23,3564.0,3600.8,3542.6,3597.4,17224,0.010278589081105344
104,2017-06-26,3599.8,3650.0,3599.8,3647.2,15596,0.013843331294823964
105,2017-06-27,3645.2,3656.0,3627.4,3650.4,13273,0.0008773853915333058
106,2017-06-28,3644.8,3648.4,3620.0,3627.0,13648,-0.006410256410256435
107,2017-06-29,3638.2,3651.4,3627.2,3649.0,13717,0.006065618968844775
108,2017-06-30,3632.0,3655.4,3629.0,3642.6,12822,-0.001753905179501258
109,2017-07-03,3647.0,3648.4,3612.0,3625.8,13307,-0.004612090265195115
110,2017-07-04,3627.0,3627.2,3584.4,3587.0,13850,-0.010701086656737873
111,2017-07-05,3592.2,3646.8,3590.8,3640.8,14242,0.014998606077502141
112,2017-07-06,3636.4,3645.4,3605.2,3633.2,14582,-0.0020874533069656018
113,2017-07-07,3627.2,3635.8,3613.2,3627.2,12237,-0.001651436749972476
114,2017-07-10,3622.0,3649.6,3621.2,3634.0,12756,0.0018747243052492782
115,2017-07-11,3631.8,3693.0,3631.0,3661.8,16206,0.0076499724821134235
116,2017-07-12,3669.2,3678.2,3620.6,3638.8,16139,-0.006281063957616472
117,2017-07-13,3648.6,3683.0,3642.6,3679.2,14609,0.01110256128393966
118,2017-07-14,3676.0,3700.0,3663.6,3698.8,12753,0.00532724505327255
119,2017-07-17,3700.0,3709.6,3630.2,3649.8,16587,-0.013247539742619227
120,2017-07-18,3650.8,3665.2,3622.2,3650.0,14786,5.479752315190369e-05
121,2017-07-19,3643.6,3733.2,3643.6,3729.4,14792,0.02175342465753427
122,2017-07-20,3728.8,3747.8,3723.2,3747.2,10047,0.004772885718882321
123,2017-07-21,3744.8,3748.8,3734.0,3738.0,4843,-0.002455166524338124
124,2017-07-24,3717.8,3747.0,3708.0,3733.0,12829,-0.001337613697164259
125,2017-07-25,3731.4,3736.8,3697.8,3704.8,12790,-0.007554245914813774
126,2017-07-26,3714.4,3720.4,3669.4,3684.0,14047,-0.005614338155905901
127,2017-07-27,3687.6,3704.6,3658.0,3690.6,13168,0.0017915309446253824
128,2017-07-28,3687.0,3712.0,3684.0,3708.4,11619,0.004823064000433583
129,2017-07-31,3712.2,3735.0,3696.6,3722.2,11347,0.0037212814151654965
130,2017-08-01,3726.6,3752.0,3724.2,3748.8,11942,0.0071463113212617176
131,2017-08-02,3748.0,3771.0,3744.6,3753.4,12223,0.0012270593256508506
132,2017-08-03,3752.0,3758.0,3712.2,3715.8,13094,-0.010017584057121519
133,2017-08-04,3719.6,3733.6,3691.0,3692.0,12544,-0.006405081005436294
134,2017-08-07,3697.6,3725.4,3683.4,3715.0,12410,0.006229685807150596
135,2017-08-08,3717.2,3726.8,3705.4,3717.4,10628,0.0006460296096904686
136,2017-08-09,3717.8,3728.8,3701.4,3715.0,10907,-0.0006456125248830072
137,2017-08-10,3713.8,3737.6,3661.2,3701.0,14998,-0.003768506056527591
138,2017-08-11,3675.0,3691.4,3626.0,3627.8,14449,-0.019778438259929698
139,2017-08-14,3640.0,3690.6,3637.0,3681.4,12031,0.014774794641380425
140,2017-08-15,3684.0,3707.4,3681.0,3694.4,10890,0.0035312652795132285
141,2017-08-16,3689.0,3698.0,3669.4,3689.6,10107,-0.0012992637505414091
142,2017-08-17,3701.8,3723.4,3694.2,3719.0,8852,0.007968343451864725
143,2017-08-18,3694.0,3712.8,3681.4,3705.0,13425,-0.003764452809895133
144,2017-08-21,3717.0,3736.4,3708.6,3721.2,10686,0.0043724696356274816
145,2017-08-22,3725.2,3734.2,3711.2,3732.6,10315,0.003063527894227693
146,2017-08-23,3733.0,3758.8,3722.6,3741.6,12218,0.0024111879119112683
147,2017-08-24,3740.2,3750.2,3716.2,3724.0,11388,-0.0047038700021380985
148,2017-08-25,3725.0,3803.0,3723.6,3794.8,15940,0.019011815252416804
149,2017-08-28,3804.6,3876.6,3804.6,3843.8,15144,0.012912406450932855
150,2017-08-29,3844.0,3852.8,3831.2,3837.8,10903,-0.0015609553046464436
151,2017-08-30,3843.6,3859.8,3832.0,3834.2,10658,-0.0009380374172704059
152,2017-08-31,3839.0,3844.8,3810.4,3829.6,12382,-0.00119972875697666
153,2017-09-01,3835.2,3853.0,3824.0,3837.8,12566,0.0021412157927721623
154,2017-09-04,3833.0,3848.8,3816.0,3842.6,11506,0.0012507165563603437
155,2017-09-05,3847.2,3867.0,3841.2,3854.2,11445,0.0030187893613698824
156,2017-09-06,3847.0,3862.4,3831.0,3846.6,12015,-0.0019718748378392166
157,2017-09-07,3853.0,3865.0,3828.0,3828.2,11916,-0.004783445120366062
158,2017-09-08,3835.6,3847.0,3808.0,3820.8,12189,-0.0019330233530117644
159,2017-09-11,3833.0,3858.8,3819.4,3831.4,13764,0.0027742881072026562
160,2017-09-12,3840.4,3857.0,3825.4,3844.2,13593,0.0033408153677506203
161,2017-09-13,3846.0,3852.0,3828.4,3844.2,11716,0.0
162,2017-09-14,3847.2,3858.0,3822.2,3830.4,10692,-0.0035898236304041744
163,2017-09-15,3827.8,3845.8,3821.2,3834.2,6174,0.0009920634920634209
164,2017-09-18,3829.8,3871.8,3829.0,3854.8,13320,0.005372698346460895
165,2017-09-19,3858.2,3863.6,3812.6,3823.8,14108,-0.008041921759883781
166,2017-09-20,3827.8,3853.4,3822.0,3845.4,12350,0.005648831005805719
167,2017-09-21,3844.0,3856.8,3832.6,3837.2,12254,-0.002132417953919039
168,2017-09-22,3827.4,3838.0,3812.0,3829.4,12829,-0.0020327322005628395
169,2017-09-25,3827.0,3829.4,3800.8,3801.4,11890,-0.007311850420431399
170,2017-09-26,3802.6,3819.8,3802.2,3813.8,10149,0.003261956121428971
171,2017-09-27,3816.0,3835.0,3814.8,3819.8,10250,0.001573234044784729
172,2017-09-28,3818.0,3831.8,3810.6,3831.0,9640,0.00293209068537615
173,2017-09-29,3835.4,3863.8,3833.6,3849.2,10796,0.004750717828243231
174,2017-10-10,3890.8,3906.0,3868.8,3893.0,12489,0.011378987841629478
175,2017-10-11,3902.2,3910.0,3890.8,3902.2,10909,0.0023632160287695397
176,2017-10-12,3902.2,3921.8,3897.4,3916.0,10739,0.003536466608579822
177,2017-10-13,3912.0,3934.8,3912.0,3933.0,9341,0.004341164453524004
178,2017-10-16,3940.0,3944.0,3915.2,3918.0,11470,-0.0038138825324180014
179,2017-10-17,3914.0,3927.6,3909.2,3911.0,10887,-0.0017866258295048494
180,2017-10-18,3919.2,3934.0,3916.2,3930.8,11200,0.005062643825108714
181,2017-10-19,3930.2,3938.0,3920.2,3922.6,8578,-0.002086089345680338
182,2017-10-20,3913.0,3921.8,3907.4,3911.8,10493,-0.0027532758884412705
183,2017-10-23,3919.0,3923.6,3905.2,3922.0,8414,0.0026074952707193155
184,2017-10-24,3916.2,3947.0,3915.2,3945.6,10030,0.006017338092809767
185,2017-10-25,3947.0,3970.0,3941.2,3967.0,10446,0.005423763179237655
186,2017-10-26,3969.2,4008.8,3960.6,3993.8,12544,0.006755734812200701
187,2017-10-27,3996.2,4021.8,3990.2,4021.8,11029,0.007010866843607591
188,2017-10-30,4027.0,4034.6,3956.8,3981.6,15110,-0.009995524392063323
189,2017-10-31,3979.2,3997.0,3973.4,3993.8,10465,0.0030640948362468034
190,2017-11-01,3998.0,4023.0,3978.4,3981.6,12790,-0.0030547348390005187
191,2017-11-02,3983.0,3988.0,3965.4,3987.4,11379,0.0014567008237894772
192,2017-11-03,3985.4,3996.0,3943.0,3963.4,13262,-0.006018959723127853
193,2017-11-06,3969.0,4012.0,3961.0,4008.4,11813,0.011353888075894434
194,2017-11-07,4008.4,4052.2,4006.2,4049.0,12556,0.010128729667697811
195,2017-11-08,4043.4,4088.6,4041.0,4046.6,14025,-0.00059273894788839
196,2017-11-09,4041.6,4081.8,4041.6,4080.2,10645,0.008303266940147262
197,2017-11-10,4076.2,4120.8,4064.4,4115.6,11989,0.00867604529189759
198,2017-11-13,4123.2,4141.8,4118.4,4127.4,10383,0.0028671396637183575
199,2017-11-14,4126.2,4131.6,4096.4,4101.0,11904,-0.006396278528855851
200,2017-11-15,4093.0,4105.8,4066.0,4073.4,11726,-0.006730065837600563
201,2017-11-16,4071.6,4112.4,4070.8,4106.2,9306,0.008052241370844928
202,2017-11-17,4109.0,4120.4,4086.2,4118.2,14623,0.002922410014124982
203,2017-11-20,4111.4,4147.6,4074.4,4146.0,15770,0.0067505220727502755
204,2017-11-21,4142.0,4234.8,4137.6,4232.4,17193,0.02083936324167864
205,2017-11-22,4249.8,4271.0,4200.0,4235.6,16812,0.0007560722048957395
206,2017-11-23,4232.6,4233.0,4081.0,4099.0,19574,-0.03225044857871384
207,2017-11-24,4119.0,4127.6,4067.2,4099.2,18254,4.8792388387367185e-05
208,2017-11-27,4095.4,4096.0,4020.0,4022.0,18258,-0.018832943013270837
209,2017-11-28,4021.6,4054.8,4015.0,4041.2,16020,0.00477374440576823
210,2017-11-29,4053.0,4058.0,3981.0,4035.8,18724,-0.0013362367613579224
211,2017-11-30,4029.2,4045.2,3969.4,3982.0,17217,-0.013330690321621532
212,2017-12-01,3990.0,4022.8,3973.8,3978.8,16075,-0.0008036162732294873
213,2017-12-04,3975.0,4022.0,3968.4,3999.0,15109,0.005076907610334728
214,2017-12-05,3991.6,4031.8,3990.2,4017.2,15104,0.004551137784446066
215,2017-12-06,4012.0,4016.8,3946.0,3988.0,17224,-0.007268744399083894
216,2017-12-07,3985.0,4009.8,3939.0,3948.6,16130,-0.009879638916750274
217,2017-12-08,3956.0,4008.8,3951.0,3998.0,15727,0.012510763308514434
218,2017-12-11,4008.0,4068.0,4001.6,4067.4,16388,0.017358679339669857
219,2017-12-12,4065.4,4072.0,4008.0,4010.2,14903,-0.014063037812853486
220,2017-12-13,4015.0,4056.2,4009.0,4046.6,14235,0.009076854022243303
221,2017-12-14,4050.0,4061.6,4015.2,4030.0,10951,-0.004102209262096553
222,2017-12-15,4019.6,4022.4,3965.0,3977.0,16911,-0.01315136476426799
223,2017-12-18,3986.2,4015.8,3972.0,3984.8,14821,0.0019612773447322557
224,2017-12-19,3998.8,4046.0,3990.2,4044.0,14708,0.014856454527203326
225,2017-12-20,4044.0,4049.8,4020.0,4029.0,13760,-0.00370919881305638
226,2017-12-21,4024.0,4102.8,4018.0,4082.0,18722,0.013154628940183669
227,2017-12-22,4083.0,4092.6,4061.8,4069.2,11846,-0.0031357177853993585
228,2017-12-25,4073.2,4102.8,4036.2,4049.2,14448,-0.00491497100167109
229,2017-12-26,4052.4,4079.2,4032.8,4068.8,15143,0.004840462313543506
230,2017-12-27,4066.8,4070.6,3987.4,3991.4,16135,-0.01902280770743219
231,2017-12-28,4005.6,4047.4,3990.8,4030.0,14808,0.009670792203236937
232,2017-12-29,4035.0,4053.2,4023.6,4039.8,12676,0.0024317617866005414
233,2018-01-02,4051.6,4105.0,4051.6,4104.0,14290,0.01589187583543735
234,2018-01-03,4107.8,4153.8,4097.2,4121.6,16132,0.004288499025341219
235,2018-01-04,4122.0,4146.6,4115.8,4135.8,13158,0.0034452639751552353
236,2018-01-05,4138.4,4157.8,4125.2,4148.2,12629,0.002998210745200357
237,2018-01-08,4148.0,4173.0,4135.2,4163.8,13194,0.0037606672773734065
238,2018-01-09,4162.2,4200.0,4157.0,4197.4,13392,0.00806955185167382
239,2018-01-10,4196.8,4215.0,4180.2,4212.2,14317,0.003525992280935861
240,2018-01-11,4206.0,4214.2,4190.0,4208.4,12802,-0.0009021413987940226
241,2018-01-12,4209.0,4232.0,4201.0,4229.0,13165,0.0048949719608403115
242,2018-01-15,4233.0,4266.0,4217.0,4223.4,16457,-0.0013241901158667212
243,2018-01-16,4220.0,4269.2,4219.2,4269.2,15653,0.010844343419993414
244,2018-01-17,4273.2,4284.0,4240.0,4250.6,17051,-0.0043567881570316346
245,2018-01-18,4268.8,4294.0,4257.2,4280.0,11591,0.006916670587681653
246,2018-01-19,4283.0,4351.6,4280.6,4290.8,5468,0.002523364485981351
247,2018-01-22,4297.6,4355.0,4293.2,4354.8,14150,0.014915633448308006
248,2018-01-23,4362.0,4402.0,4359.6,4400.0,14938,0.010379351520161619
249,2018-01-24,4405.0,4414.0,4369.0,4404.6,15271,0.0010454545454546282
250,2018-01-25,4401.8,4402.8,4358.2,4373.0,15135,-0.0071743177587068885
251,2018-01-26,4373.0,4426.0,4370.0,4397.8,14657,0.005671163960667775
252,2018-01-29,4412.8,4418.6,4300.0,4315.2,17973,-0.0187821183318933
253,2018-01-30,4313.2,4324.0,4266.2,4267.6,14737,-0.011030774935112963
254,2018-01-31,4254.6,4296.0,4246.2,4280.0,16237,0.0029056143968506035
255,2018-02-01,4285.0,4301.0,4218.8,4239.4,18908,-0.0094859813084113
256,2018-02-02,4228.2,4282.8,4192.0,4270.4,18113,0.007312355522007832
257,2018-02-05,4220.0,4268.8,4215.0,4264.0,15924,-0.0014986886474334107
258,2018-02-06,4203.0,4216.6,4113.0,4119.8,18860,-0.0338180112570356
259,2018-02-07,4183.8,4206.8,4019.2,4023.0,21554,-0.023496286227486816
260,2018-02-08,4018.8,4073.0,3971.6,3996.8,18338,-0.006512552821277608
261,2018-02-09,3929.0,3932.0,3715.0,3781.2,21304,-0.05394315452361898
262,2018-02-12,3818.6,3895.8,3808.4,3865.6,15159,0.02232095631016611
263,2018-02-13,3907.6,3976.0,3903.8,3920.6,11992,0.014228062913907285
264,2018-02-14,3926.4,3958.6,3907.0,3952.4,12424,0.008111003417844254
265,2018-02-22,4011.4,4033.0,3983.0,4025.4,16230,0.0184697905070337
266,2018-02-23,4039.8,4059.6,4021.4,4049.6,15936,0.0060118249118099615
267,2018-02-26,4081.6,4125.2,4040.2,4108.2,19275,0.014470564994073466
268,2018-02-27,4117.4,4118.0,4041.2,4042.0,17875,-0.01611411323694071
269,2018-02-28,4019.0,4048.6,3982.0,4002.0,19969,-0.009896091044037604
270,2018-03-01,3980.0,4057.2,3973.8,4035.0,19146,0.008245877061469266
271,2018-03-02,4004.4,4032.4,3996.4,4010.0,17187,-0.006195786864931847
272,2018-03-05,4026.0,4043.4,3970.0,3992.0,17725,-0.004488778054862843
273,2018-03-06,4027.6,4064.6,3980.0,4064.0,19680,0.018036072144288578
274,2018-03-07,4054.0,4083.6,4000.0,4009.4,19296,-0.013435039370078717
275,2018-03-08,4030.2,4069.6,4018.0,4065.2,18400,0.013917294358258026
276,2018-03-09,4078.2,4109.2,4063.0,4103.6,17675,0.009446029715635282
277,2018-03-12,4134.0,4144.0,4113.0,4119.4,17136,0.0038502778048540966
278,2018-03-13,4122.0,4126.6,4075.0,4075.2,17078,-0.010729717920085407
279,2018-03-14,4069.4,4084.8,4060.2,4065.0,14740,-0.0025029446407537834
280,2018-03-15,4050.6,4100.0,4050.6,4097.6,12206,0.008019680196802057
281,2018-03-16,4090.2,4108.0,4080.4,4082.0,7054,-0.00380710659898486
282,2018-03-19,4030.0,4058.8,4005.2,4049.2,15648,-0.008035276825085787
283,2018-03-20,4030.0,4065.2,4013.0,4049.6,15959,9.87849451743779e-05
284,2018-03-21,4080.0,4098.8,4009.0,4025.0,18791,-0.006074674041880657
285,2018-03-22,4038.8,4052.0,3967.0,3983.4,20501,-0.010335403726708051
286,2018-03-23,3876.6,3887.4,3759.6,3816.4,25264,-0.04192398453582367
287,2018-03-26,3821.0,3858.8,3788.2,3854.0,20168,0.009852216748768449
288,2018-03-27,3903.0,3918.8,3860.2,3898.0,20625,0.011416709911779968
289,2018-03-28,3855.0,3890.0,3803.6,3809.2,20547,-0.022780913288866132
290,2018-03-29,3836.6,3898.4,3772.8,3886.4,21851,0.020266722671427144
291,2018-03-30,3888.0,3909.0,3869.6,3884.2,16284,-0.000566076574722178
292,2018-04-02,3890.0,3932.8,3856.0,3856.4,18681,-0.0071572009680242335
293,2018-04-03,3842.2,3868.0,3824.0,3853.6,18609,-0.0007260657608132408
294,2018-04-04,3868.8,3893.6,3830.0,3841.6,17732,-0.0031139713514635667
295,2018-04-09,3850.4,3872.6,3822.0,3845.8,17599,0.0010932944606414704
296,2018-04-10,3854.6,3927.6,3844.2,3925.8,20123,0.020801913776067396
297,2018-04-11,3932.0,3954.2,3922.2,3932.6,17272,0.0017321310306178937
298,2018-04-12,3942.0,3942.0,3887.6,3892.4,16969,-0.010222244825306367
299,2018-04-13,3915.0,3924.8,3853.2,3860.4,17798,-0.008221148905559552
300,2018-04-16,3858.2,3868.8,3783.2,3796.6,18542,-0.016526784789141068
301,2018-04-17,3808.0,3817.6,3731.6,3738.8,19517,-0.01522414792182472
302,2018-04-18,3779.8,3782.8,3710.0,3754.0,20289,0.00406547555365353
303,2018-04-19,3775.0,3830.0,3765.6,3811.0,13286,0.015183803942461374
304,2018-04-20,3801.6,3816.8,3754.4,3760.2,5700,-0.013329834689058039
305,2018-04-23,3733.8,3779.4,3712.2,3748.0,20305,-0.0032445082708366093
306,2018-04-24,3760.0,3846.0,3760.0,3835.4,20032,0.02331910352187836
307,2018-04-25,3822.4,3831.8,3806.4,3818.0,15059,-0.004536684570057905
308,2018-04-26,3821.0,3833.4,3728.0,3735.4,19462,-0.02163436354112098
309,2018-04-27,3755.0,3759.6,3703.6,3746.0,20530,0.002837714836429809
310,2018-05-02,3768.0,3785.4,3730.8,3758.8,15956,0.0034169781099840316
311,2018-05-03,3748.0,3803.2,3724.6,3786.0,19580,0.007236352027242689
312,2018-05-04,3785.0,3797.0,3756.0,3763.4,16496,-0.005969360802958243
313,2018-05-07,3787.8,3834.0,3763.6,3827.2,18994,0.0169527554870595
314,2018-05-08,3838.0,3892.6,3830.4,3880.0,18388,0.013795986622073627
315,2018-05-09,3879.0,3882.4,3852.4,3869.0,14477,-0.0028350515463917525
316,2018-05-10,3886.2,3900.0,3862.2,3897.8,16055,0.00744378392349449
317,2018-05-11,3909.0,3909.6,3872.8,3876.2,14778,-0.005541587562214676
318,2018-05-14,3892.0,3926.6,3889.4,3912.2,15499,0.009287446468190496
319,2018-05-15,3923.8,3925.8,3891.0,3924.6,14747,0.003169572107765475
320,2018-05-16,3913.6,3924.0,3885.4,3894.6,13867,-0.007644091117566121
321,2018-05-17,3902.0,3903.0,3861.2,3861.4,9725,-0.008524623838134807
322,2018-05-18,3845.0,3903.0,3830.0,3903.0,19009,0.010773294659967864
323,2018-05-21,3933.0,3945.0,3899.2,3907.4,19478,0.001127337945170405
324,2018-05-22,3908.2,3911.6,3868.6,3895.0,15830,-0.003173465731688614
325,2018-05-23,3885.0,3885.0,3835.0,3835.4,17568,-0.015301668806161722
326,2018-05-24,3841.2,3850.0,3803.0,3805.2,16818,-0.007874015748031567
327,2018-05-25,3808.0,3825.6,3783.6,3789.2,16457,-0.0042047724166929465
328,2018-05-28,3795.2,3842.0,3788.4,3821.2,17115,0.008445054365037475
329,2018-05-29,3810.0,3824.8,3774.0,3775.0,18437,-0.012090442792839898
330,2018-05-30,3731.8,3748.6,3696.4,3699.2,19955,-0.020079470198675543
331,2018-05-31,3723.0,3787.4,3720.8,3784.0,20357,0.022923875432526
332,2018-06-01,3775.2,3778.0,3729.6,3752.8,17936,-0.00824524312896401
333,2018-06-04,3772.4,3799.6,3759.4,3786.0,17966,0.008846727776593427
334,2018-06-05,3789.0,3829.0,3782.4,3822.8,16831,0.009720021130480766
335,2018-06-06,3820.4,3827.2,3810.2,3823.6,13729,0.00020927069163956448
336,2018-06-07,3839.8,3854.6,3810.2,3817.2,17037,-0.0016738152526415136
337,2018-06-08,3806.0,3808.6,3743.4,3761.0,16154,-0.014722833490516563
338,2018-06-11,3754.2,3788.8,3748.6,3773.4,17769,0.003296995479925576
339,2018-06-12,3778.2,3834.6,3760.4,3818.0,18954,0.011819579159378785
340,2018-06-13,3803.2,3814.8,3772.2,3778.4,15795,-0.010371922472498667
341,2018-06-14,3767.4,3808.6,3759.4,3768.6,13627,-0.0025936904509845917
342,2018-06-15,3730.2,3750.0,3704.6,3722.0,18732,-0.012365334607015844
343,2018-06-19,3671.2,3682.6,3513.4,3569.6,22299,-0.04094572810317036
344,2018-06-20,3570.0,3618.8,3548.0,3596.4,19976,0.007507844016136313
345,2018-06-21,3599.4,3638.0,3538.6,3546.6,21762,-0.013847180513847231
346,2018-06-22,3527.6,3580.0,3514.2,3572.4,21015,0.007274572830316411
347,2018-06-25,3584.6,3595.0,3505.4,3509.2,19592,-0.017691187996864928
348,2018-06-26,3494.8,3518.0,3443.2,3477.0,20727,-0.009175880542573754
349,2018-06-27,3489.8,3508.0,3387.0,3388.2,23463,-0.025539257981018172
350,2018-06-28,3387.0,3447.4,3369.4,3380.2,23395,-0.0023611357062747183
351,2018-06-29,3395.0,3491.0,3392.6,3477.2,23000,0.028696526832731793
352,2018-07-02,3470.0,3474.8,3320.0,3352.6,24496,-0.03583342919590473
353,2018-07-03,3376.6,3389.8,3276.2,3364.8,27595,0.0036389667720575893
354,2018-07-04,3357.8,3382.8,3316.0,3330.6,22560,-0.010164051355206928
355,2018-07-05,3330.2,3368.0,3296.0,3303.4,25396,-0.008166696691286801
356,2018-07-06,3315.0,3374.8,3267.6,3328.2,29203,0.007507416601077595
357,2018-07-09,3356.0,3443.0,3355.6,3439.8,23979,0.03353163872363451
358,2018-07-10,3447.4,3453.6,3408.8,3445.8,21727,0.0017442874585731727
359,2018-07-11,3370.0,3402.2,3344.0,3379.4,26299,-0.019269835742062827
360,2018-07-12,3389.0,3498.0,3389.0,3475.2,25348,0.028348227496005126
361,2018-07-13,3487.8,3488.8,3465.4,3476.6,18395,0.00040285451197056025
362,2018-07-16,3485.0,3508.0,3444.2,3459.0,20444,-0.0050624173042627596
363,2018-07-17,3463.0,3466.8,3405.6,3442.0,22548,-0.004914715235617231
364,2018-07-18,3458.6,3482.4,3421.6,3424.0,20621,-0.005229517722254503
365,2018-07-19,3446.6,3472.4,3417.0,3431.8,15945,0.0022780373831776234
366,2018-07-20,3425.0,3479.4,3406.0,3473.4,7215,0.012121918526720643
367,2018-07-23,3464.4,3520.0,3458.2,3509.2,23532,0.010306903898197653
368,2018-07-24,3520.2,3594.8,3520.0,3574.2,23181,0.018522740225692468
369,2018-07-25,3587.0,3587.4,3557.8,3568.2,17607,-0.001678697330871244
370,2018-07-26,3578.0,3582.8,3520.4,3525.0,20921,-0.012106944677988852
371,2018-07-27,3533.0,3541.8,3505.0,3520.0,20261,-0.0014184397163120568
372,2018-07-30,3521.0,3548.6,3486.8,3503.2,22837,-0.004772727272727324
373,2018-07-31,3501.6,3532.6,3490.8,3512.6,20842,0.0026832610184974
374,2018-08-01,3533.0,3552.0,3415.8,3423.2,27936,-0.025451232705118742
375,2018-08-02,3415.0,3423.0,3297.6,3345.0,27927,-0.022844122458518294
376,2018-08-03,3350.0,3359.2,3283.6,3283.6,23353,-0.018355754857997036
377,2018-08-06,3292.2,3329.0,3240.0,3259.8,25333,-0.007248142282860193
378,2018-08-07,3284.6,3364.0,3259.6,3358.8,27321,0.03036996134732192
379,2018-08-08,3354.8,3354.8,3285.8,3304.8,23380,-0.01607717041800643
380,2018-08-09,3295.8,3409.4,3288.6,3386.0,27848,0.024570321955942814
381,2018-08-10,3389.8,3416.6,3368.8,3397.0,21525,0.0032486709982279976
382,2018-08-13,3365.0,3401.6,3321.6,3382.2,24384,-0.004356785398881419
383,2018-08-14,3385.8,3390.0,3344.4,3369.6,22897,-0.003725385843533768
384,2018-08-15,3366.6,3369.2,3277.4,3284.4,20543,-0.02528490028490023
385,2018-08-16,3247.2,3325.0,3225.6,3271.4,17613,-0.003958104981122884
386,2018-08-17,3287.2,3294.6,3190.0,3202.2,27285,-0.02115302317050812
387,2018-08-20,3213.4,3256.2,3199.2,3251.0,30369,0.01523952282805577
388,2018-08-21,3257.0,3330.0,3251.0,3301.0,30229,0.015379883112888341
389,2018-08-22,3301.4,3306.0,3280.2,3300.2,22702,-0.00024235080278708934
390,2018-08-23,3305.0,3333.6,3261.6,3302.2,32451,0.0006060238773407672
391,2018-08-24,3292.0,3346.2,3273.0,3309.8,29788,0.0023014959723821585
392,2018-08-27,3330.0,3399.6,3327.0,3397.8,27584,0.02658770922714363
393,2018-08-28,3403.2,3413.0,3379.2,3387.0,21742,-0.003178527282359227
394,2018-08-29,3382.0,3388.8,3366.0,3379.8,19949,-0.0021257750221434363
395,2018-08-30,3381.2,3394.6,3336.0,3343.0,23152,-0.010888218237765602
396,2018-08-31,3325.0,3353.0,3297.0,3321.2,28015,-0.006521088842357218
397,2018-09-03,3310.2,3319.8,3276.0,3310.4,24832,-0.0032518366855352667
398,2018-09-04,3314.0,3372.8,3298.2,3357.2,29100,0.014137264378926935
399,2018-09-05,3344.6,3348.0,3277.8,3277.8,27755,-0.02365066126534006
400,2018-09-06,3275.2,3307.2,3241.4,3248.6,27959,-0.008908414180242928
401,2018-09-07,3267.0,3316.4,3237.0,3273.2,30881,0.007572492766114606
402,2018-09-10,3267.8,3274.4,3220.0,3227.0,24926,-0.014114627887082922
403,2018-09-11,3228.6,3247.4,3203.2,3219.0,26259,-0.002479082739386427
404,2018-09-12,3212.8,3227.4,3191.0,3196.4,26701,-0.007020813917365613
405,2018-09-13,3244.8,3255.8,3194.4,3238.4,31756,0.013139782255036916
406,2018-09-14,3244.4,3253.0,3227.4,3240.6,25231,0.0006793478260869003
407,2018-09-17,3218.8,3228.4,3199.2,3207.2,22687,-0.01030673332098997
408,2018-09-18,3205.8,3282.4,3197.0,3273.4,32124,0.02064105762035429
409,2018-09-19,3270.6,3344.4,3267.0,3311.0,27045,0.01148652776929184
410,2018-09-20,3316.6,3338.0,3311.0,3315.0,15649,0.0012080942313500453
411,2018-09-21,3323.0,3428.8,3312.2,3428.2,30210,0.034147812971342326
412,2018-09-25,3393.4,3401.6,3368.4,3389.2,23250,-0.011376232425179395
413,2018-09-26,3405.6,3459.6,3390.4,3422.2,30506,0.009736811046854716
414,2018-09-27,3417.4,3428.8,3400.8,3415.8,24135,-0.001870142013909075
415,2018-09-28,3428.0,3457.4,3417.0,3448.8,26045,0.0096609871772352
416,2018-10-08,3367.0,3376.0,3282.2,3288.8,27383,-0.046392948271862675
417,2018-10-09,3293.8,3314.0,3277.4,3287.0,24649,-0.0005473120895159881
418,2018-10-10,3298.4,3323.0,3256.4,3289.0,27923,0.000608457560085184
419,2018-10-11,3187.2,3217.2,3092.8,3106.8,34394,-0.055396777135907516
420,2018-10-12,3127.8,3188.8,3101.0,3169.0,32050,0.020020599974249972
421,2018-10-15,3169.0,3186.0,3116.2,3122.4,26237,-0.014704954244241057
422,2018-10-16,3135.6,3172.2,3095.0,3110.2,30376,-0.003907250832692888
423,2018-10-17,3156.8,3160.0,3068.0,3121.0,31785,0.003472445501897043
424,2018-10-18,3104.8,3107.8,3047.0,3048.0,20682,-0.023389939122076257
425,2018-10-19,3030.0,3110.0,3023.6,3108.2,11573,0.01975065616797894
426,2018-10-22,3160.0,3307.4,3160.0,3288.4,37613,0.05797567724084688
427,2018-10-23,3282.8,3287.0,3161.2,3180.2,35580,-0.032903539715363174
428,2018-10-24,3180.2,3256.8,3174.0,3186.2,37998,0.001886673794101
429,2018-10-25,3115.4,3209.0,3104.0,3203.6,38611,0.005461050781495227
430,2018-10-26,3211.0,3231.8,3145.2,3165.8,35041,-0.011799225870895158
431,2018-10-29,3169.2,3179.6,3054.8,3077.0,31613,-0.02804978204561254
432,2018-10-30,3078.2,3155.0,3058.2,3113.0,38804,0.011699707507312317
433,2018-10-31,3124.8,3182.2,3111.0,3151.0,34029,0.012206874397687119
434,2018-11-01,3199.0,3229.8,3170.2,3174.6,35244,0.007489685814027264
435,2018-11-02,3264.8,3307.8,3227.6,3306.6,40365,0.04158004158004158
436,2018-11-05,3276.8,3286.2,3228.0,3262.6,31219,-0.013306719893546242
437,2018-11-06,3259.4,3261.4,3212.2,3245.0,28624,-0.005394470667565717
438,2018-11-07,3253.8,3280.6,3207.0,3214.4,35367,-0.00942989214175652
439,2018-11-08,3250.0,3257.6,3205.0,3215.2,31807,0.00024888003982072147
440,2018-11-09,3194.6,3198.8,3167.2,3169.8,27444,-0.014120427967155897
441,2018-11-12,3169.8,3213.0,3160.0,3204.0,28674,0.010789324247586541
442,2018-11-13,3165.8,3264.0,3163.4,3237.2,32672,0.010362047440699068
443,2018-11-14,3236.0,3242.8,3193.4,3204.4,25784,-0.010132213023600558
444,2018-11-15,3208.2,3246.4,3201.0,3241.2,17794,0.011484209212332957
445,2018-11-16,3249.8,3294.6,3225.2,3259.8,36929,0.005738615327656536
446,2018-11-19,3268.6,3297.2,3253.8,3296.4,34137,0.011227682679918985
447,2018-11-20,3277.4,3281.6,3211.2,3223.4,35621,-0.022145370707438418
448,2018-11-21,3191.4,3235.6,3190.8,3222.0,31928,-0.0004343240057082866
449,2018-11-22,3232.0,3233.8,3189.2,3212.0,30915,-0.0031036623215394167
450,2018-11-23,3205.4,3209.6,3132.0,3136.2,33605,-0.023599003735990096
451,2018-11-26,3145.0,3163.8,3119.2,3130.4,31067,-0.0018493718512849076
452,2018-11-27,3141.4,3154.6,3112.6,3126.6,29699,-0.0012139023766931324
453,2018-11-28,3128.8,3179.6,3118.8,3171.4,34397,0.014328663724173282
454,2018-11-29,3192.4,3197.0,3130.2,3138.6,33092,-0.010342435517437151
455,2018-11-30,3136.6,3180.4,3131.4,3168.0,35037,0.009367233798508918
456,2018-12-03,3265.0,3286.6,3232.4,3259.2,45072,0.02878787878787873
457,2018-12-04,3252.0,3274.6,3246.0,3270.0,42703,0.0033136966126657407
458,2018-12-05,3232.4,3276.0,3231.4,3253.8,48957,-0.004954128440366917
459,2018-12-06,3220.0,3225.8,3180.6,3187.8,48560,-0.02028397565922921
460,2018-12-07,3196.8,3199.0,3179.0,3179.6,34120,-0.0025723069201330924
461,2018-12-10,3160.2,3174.8,3136.4,3148.6,39260,-0.009749654044533904
462,2018-12-11,3154.8,3166.8,3144.0,3164.6,34433,0.005081623578733405
463,2018-12-12,3180.2,3186.0,3162.0,3172.4,40437,0.002464766479175941
464,2018-12-13,3179.0,3242.6,3173.4,3222.8,50708,0.01588702559576349
465,2018-12-14,3211.0,3215.4,3166.6,3169.4,42439,-0.01656944272061564
466,2018-12-17,3172.0,3176.6,3142.2,3167.8,41877,-0.0005048274121284499
467,2018-12-18,3151.2,3176.0,3111.6,3128.4,47818,-0.012437653892291208
468,2018-12-19,3134.2,3137.8,3088.4,3091.8,37440,-0.01169927119294205
469,2018-12-20,3098.6,3103.8,3046.8,3073.2,30021,-0.0060159130603533095
470,2018-12-21,3068.0,3069.4,3004.2,3034.2,51259,-0.01269035532994924
471,2018-12-24,3020.4,3045.0,3007.2,3037.0,44877,0.0009228132621449417
472,2018-12-25,3006.8,3035.8,2953.8,3018.0,59022,-0.006256173855778729
473,2018-12-26,3017.2,3030.0,2988.6,3005.0,44096,-0.004307488402915839
474,2018-12-27,3043.8,3049.0,2988.4,2995.8,50943,-0.003061564059900106
475,2018-12-28,3002.6,3035.2,2993.0,2996.0,52740,6.676013084979574e-05
476,2019-01-02,3012.4,3015.0,2948.8,2962.2,45964,-0.011281708945260408
477,2019-01-03,2958.6,3006.0,2951.6,2962.6,52089,0.00013503477145368004
478,2019-01-04,2948.2,3041.4,2942.2,3041.4,64837,0.026598258286640176
479,2019-01-07,3051.0,3064.0,3033.8,3047.2,52600,0.0019070165055565618
480,2019-01-08,3047.0,3055.0,3037.4,3050.6,39248,0.0011157784195327156
481,2019-01-09,3070.0,3125.6,3066.2,3072.0,58480,0.00701501343997905
482,2019-01-10,3069.0,3098.2,3057.2,3075.6,50060,0.0011718749999999705
483,2019-01-11,3085.0,3109.6,3071.0,3099.2,52252,0.007673299518793052
484,2019-01-14,3056.0,3101.8,3056.0,3070.8,39096,-0.009163655136809383
485,2019-01-15,3077.0,3134.6,3070.0,3130.0,51966,0.019278363944248995
486,2019-01-16,3126.2,3135.0,3115.2,3129.4,38639,-0.00019169329073479523
487,2019-01-17,3135.0,3147.8,3110.8,3114.6,32618,-0.004729341087748508
488,2019-01-18,3126.4,3160.0,3124.0,3158.2,14637,0.013998587298529477
489,2019-01-21,3174.8,3207.6,3172.6,3186.6,42681,0.008992464061807388
490,2019-01-22,3182.0,3184.6,3138.6,3147.2,38843,-0.012364275403251144
491,2019-01-23,3147.0,3166.0,3131.4,3138.4,41315,-0.002796136248093457
492,2019-01-24,3148.2,3173.6,3122.8,3164.4,47106,0.008284476166199336
493,2019-01-25,3170.0,3211.0,3170.0,3188.8,46529,0.007710782454809787
494,2019-01-28,3208.0,3238.2,3176.4,3185.2,45013,-0.0011289513296539023
495,2019-01-29,3182.2,3212.2,3157.2,3200.0,49092,0.004646490016325563
496,2019-01-30,3183.4,3209.8,3177.0,3178.6,40444,-0.0066875000000000285
497,2019-01-31,3189.8,3224.2,3185.4,3207.4,44828,0.009060592713773416
498,2019-02-01,3231.2,3262.4,3207.8,3261.4,39912,0.016836066595996756
499,2019-02-11,3250.0,3311.4,3247.2,3305.6,35804,0.013552462132826338
500,2019-02-12,3303.8,3335.0,3300.2,3325.0,36773,0.005868828654404674
501,2019-02-13,3327.0,3417.8,3327.0,3397.4,39528,0.021774436090225592
502,2019-02-14,3397.0,3417.8,3386.4,3402.4,24387,0.0014717136633896509
503,2019-02-15,3406.8,3408.2,3346.4,3352.6,51820,-0.014636727016223896
504,2019-02-18,3379.0,3454.0,3379.0,3447.4,59393,0.028276561474676425
505,2019-02-19,3456.0,3484.0,3421.2,3438.0,67661,-0.0027266925799153247
506,2019-02-20,3454.8,3467.0,3427.0,3449.6,58697,0.00337405468295518
507,2019-02-21,3447.8,3503.4,3430.0,3448.0,77478,-0.0004638218923932946
508,2019-02-22,3447.2,3540.0,3421.6,3539.8,76687,0.026624129930394484
509,2019-02-25,3584.4,3801.8,3573.2,3800.2,104191,0.07356347816260796
510,2019-02-26,3788.6,3789.0,3687.6,3701.8,97918,-0.02589337403294554
511,2019-02-27,3713.0,3741.6,3646.8,3685.2,89697,-0.004484304932735524
512,2019-02-28,3681.8,3709.6,3664.2,3677.4,74602,-0.0021165744057309584
513,2019-03-01,3707.2,3760.0,3674.2,3750.0,90486,0.01974220916952192
514,2019-03-04,3780.0,3893.0,3766.8,3786.8,105952,0.009813333333333382
515,2019-03-05,3789.6,3830.0,3782.0,3822.8,81880,0.009506707510298933
516,2019-03-06,3829.4,3864.4,3784.4,3846.6,93142,0.006225803076279095
517,2019-03-07,3835.6,3853.6,3775.0,3808.8,95875,-0.009826860084230159
518,2019-03-08,3720.0,3776.0,3662.6,3673.2,102152,-0.03560176433522379
519,2019-03-11,3691.2,3737.2,3662.6,3721.0,80228,0.013013176521833874
520,2019-03-12,3753.0,3808.0,3721.0,3747.4,86115,0.007094866971244313
521,2019-03-13,3750.4,3758.2,3698.6,3720.8,77651,-0.0070982547899877
522,2019-03-14,3711.0,3746.0,3682.0,3699.0,50213,-0.0058589550634272685
523,2019-03-15,3719.8,3789.8,3718.0,3741.2,22828,0.011408488780751505
524,2019-03-18,3760.8,3871.4,3741.6,3868.2,87041,0.033946327381588794
525,2019-03-19,3868.6,3877.6,3822.2,3836.0,72405,-0.00832428519724932
526,2019-03-20,3826.6,3863.0,3795.0,3837.4,83550,0.00036496350364965876
527,2019-03-21,3851.4,3869.8,3823.6,3830.0,88303,-0.0019283890133945094
528,2019-03-22,3838.0,3851.8,3782.2,3843.4,84997,0.003498694516971303
529,2019-03-25,3785.0,3808.0,3733.2,3740.8,81930,-0.026695113701410186
530,2019-03-26,3765.2,3769.4,3685.8,3709.0,75545,-0.008500855431993205
531,2019-03-27,3721.0,3749.6,3713.2,3730.0,71377,0.0056619034780264225
532,2019-03-28,3716.0,3748.0,3703.0,3721.8,66848,-0.0021983914209114793
533,2019-03-29,3732.8,3895.6,3732.8,3876.2,90543,0.04148530281046795
534,2019-04-01,3915.0,3988.8,3914.2,3982.0,76725,0.02729477323151545
535,2019-04-02,4000.0,4002.0,3958.6,3971.2,58191,-0.002712204922149719
536,2019-04-03,3951.0,4048.0,3949.8,4030.8,72143,0.015008058017727732
537,2019-04-04,4048.8,4091.0,4023.4,4085.6,81886,0.013595316066289501
538,2019-04-08,4125.0,4135.0,4018.2,4052.2,83340,-0.008175053847660096
539,2019-04-09,4059.0,4097.0,4041.2,4081.6,72053,0.007255318098810546
540,2019-04-10,4068.0,4127.0,4036.0,4089.6,81323,0.001960015680125441
541,2019-04-11,4090.0,4104.4,3987.4,4013.0,84743,-0.018730438184663516
542,2019-04-12,4009.0,4016.4,3969.0,3996.8,71594,-0.004036880139546429
543,2019-04-15,4059.0,4091.6,3960.0,3967.8,86958,-0.007255804643714971
544,2019-04-16,3960.2,4094.0,3951.2,4093.0,78483,0.03155400977871864
545,2019-04-17,4080.2,4111.4,4056.4,4080.6,65274,-0.003029562667969727
546,2019-04-18,4081.8,4093.8,4058.4,4070.6,37967,-0.002450620006861736
547,2019-04-19,4085.0,4140.6,4035.8,4130.2,81562,0.01464157618041564
548,2019-04-22,4130.0,4134.4,3993.6,4020.2,101759,-0.02663309282843446
549,2019-04-23,4013.8,4065.6,4005.2,4018.8,96721,-0.00034824138102572914
550,2019-04-24,4037.0,4044.0,3962.6,4025.0,104494,0.001542749079327117
551,2019-04-25,4015.4,4024.4,3945.2,3948.6,96784,-0.018981366459627353
552,2019-04-26,3940.0,3955.8,3882.2,3891.4,108242,-0.014486146988806113
553,2019-04-29,3905.0,3962.8,3888.0,3914.8,107414,0.006013260009251192
554,2019-04-30,3902.0,3929.6,3893.6,3913.8,86456,-0.0002554408909778277
555,2019-05-06,3776.8,3808.2,3623.4,3668.0,118222,-0.06280341356226689
556,2019-05-07,3708.0,3743.4,3676.0,3714.4,109927,0.01264994547437298
557,2019-05-08,3655.4,3730.8,3651.4,3664.2,99313,-0.01351496877019176
558,2019-05-09,3642.0,3661.4,3572.2,3597.6,112676,-0.018175863762895015
559,2019-05-10,3651.4,3742.0,3564.4,3711.0,148150,0.031521014009339585
560,2019-05-13,3672.2,3691.8,3635.6,3657.2,270,-0.014497440043115113
561,2019-05-14,3646.0,3686.4,3626.2,3638.6,320,-0.0050858580334682026
562,2019-05-15,3680.0,3744.6,3666.6,3715.2,294,0.021052052987412716
563,2019-05-16,3706.6,3740.0,3692.0,3732.8,55002,0.004737295434969951
564,2019-05-17,3713.0,3715.4,3597.4,3617.4,110521,-0.030915130732961874
565,2019-05-20,3622.4,3625.6,3551.2,3587.8,118242,-0.008182672637806135
566,2019-05-21,3597.8,3673.6,3590.8,3625.2,124865,0.010424215396621783
567,2019-05-22,3629.2,3642.0,3590.6,3622.0,100564,-0.0008827099194526697
568,2019-05-23,3603.6,3607.4,3545.8,3557.6,111869,-0.017780231916068496
569,2019-05-24,3571.0,3606.0,3553.0,3569.4,111611,0.003316842815381207
570,2019-05-27,3574.2,3630.0,3525.0,3607.2,130273,0.010590015128592964
571,2019-05-28,3605.4,3658.4,3603.8,3626.0,110841,0.005211798624972328
572,2019-05-29,3614.8,3671.4,3608.2,3627.4,104406,0.0003861003861004112
573,2019-05-30,3630.8,3632.0,3568.0,3619.4,112926,-0.002205436400727794
574,2019-05-31,3613.2,3653.6,3591.0,3594.8,113056,-0.006796706636459056
575,2019-06-03,3620.2,3661.6,3582.0,3613.8,126250,0.005285412262156448
576,2019-06-04,3613.0,3620.8,3565.6,3586.2,95593,-0.007637390004981007
577,2019-06-05,3618.0,3623.0,3573.0,3574.6,103624,-0.003234621605041523
578,2019-06-06,3578.0,3584.0,3542.6,3544.6,100327,-0.008392547417892911
579,2019-06-10,3566.6,3615.6,3553.8,3591.8,103382,0.013316030017491473
580,2019-06-11,3601.2,3717.8,3600.8,3706.2,118180,0.031850325741967715
581,2019-06-12,3695.0,3699.6,3668.0,3676.0,79003,-0.008148507905671528
582,2019-06-13,3679.0,3689.0,3635.0,3668.6,99316,-0.0020130576713819617
583,2019-06-14,3676.0,3692.4,3633.0,3645.0,79619,-0.006432971705827812
584,2019-06-17,3647.0,3680.0,3635.2,3652.0,81126,0.0019204389574759945
585,2019-06-18,3657.6,3673.8,3626.8,3661.2,88852,0.0025191675794084935
586,2019-06-19,3761.0,3782.0,3710.2,3718.4,87232,0.015623292909428679
587,2019-06-20,3721.0,3868.0,3719.4,3821.6,71123,0.027753872633390655
588,2019-06-21,3826.0,3848.8,3793.8,3809.2,88069,-0.0032447142558091092
589,2019-06-24,3810.6,3828.4,3792.0,3814.0,73527,0.0012601071091043216
590,2019-06-25,3810.0,3814.0,3725.6,3773.0,110837,-0.010749868904037755
591,2019-06-26,3753.0,3788.0,3748.6,3769.0,72469,-0.0010601643254704478
592,2019-06-27,3782.0,3839.6,3780.4,3813.8,104429,0.011886442027062929
593,2019-06-28,3808.4,3817.6,3781.0,3817.6,87016,0.0009963815616969235
594,2019-07-01,3893.0,3927.0,3866.0,3911.0,103948,0.024465632858340344
595,2019-07-02,3900.2,3919.2,3895.2,3913.0,62884,0.0005113781641523907
596,2019-07-03,3900.0,3903.0,3866.2,3879.2,76993,-0.008637873754152871
597,2019-07-04,3884.4,3895.8,3832.4,3855.8,82620,-0.006032171581769344
598,2019-07-05,3857.0,3883.4,3844.0,3874.6,76528,0.004875771564915122
599,2019-07-08,3856.8,3856.8,3747.2,3780.0,103317,-0.024415423527589922
600,2019-07-09,3788.8,3795.6,3756.0,3771.4,74406,-0.002275132275132251
601,2019-07-10,3792.6,3797.0,3759.2,3772.6,64949,0.00031818422866835075
602,2019-07-11,3793.0,3822.4,3753.2,3769.2,92533,-0.0009012352223930687
603,2019-07-12,3770.0,3817.6,3763.2,3799.8,94387,0.008118433619866382
604,2019-07-15,3778.0,3848.0,3731.6,3817.8,113914,0.004737091425864519
605,2019-07-16,3812.2,3827.0,3794.0,3803.4,67952,-0.0037718057520037956
606,2019-07-17,3790.0,3818.0,3774.2,3794.6,67149,-0.0023137193037808756
607,2019-07-18,3780.0,3790.8,3769.0,3770.6,50476,-0.00632477731513203
608,2019-07-19,3787.0,3834.6,3787.0,3805.8,22998,0.00933538428897265
609,2019-07-22,3804.0,3813.8,3750.0,3769.2,89650,-0.009616900520258648
610,2019-07-23,3780.2,3787.0,3763.0,3780.0,61911,0.0028653295128940313
611,2019-07-24,3795.2,3843.8,3795.0,3810.0,83044,0.007936507936507936
612,2019-07-25,3815.0,3849.6,3807.2,3848.8,77855,0.010183727034120783
613,2019-07-26,3833.2,3862.6,3831.2,3851.8,64654,0.0007794637289544792
614,2019-07-29,3848.0,3854.0,3827.4,3843.6,64476,-0.0021288748117763833
615,2019-07-30,3852.8,3888.8,3852.0,3861.4,74394,0.004631075033822506
616,2019-07-31,3848.0,3848.4,3824.4,3838.0,64208,-0.00605997824623196
617,2019-08-01,3817.6,3829.6,3785.2,3798.4,69456,-0.0103178738926524
618,2019-08-02,3720.0,3748.0,3711.6,3740.0,72705,-0.01537489469250213
619,2019-08-05,3711.0,3724.0,3663.0,3667.0,84366,-0.019518716577540108
620,2019-08-06,3607.4,3639.0,3572.8,3625.8,96925,-0.011235342241614349
621,2019-08-07,3641.0,3643.8,3596.0,3598.2,66670,-0.007612113188813603
622,2019-08-08,3633.4,3652.0,3619.4,3638.8,76072,0.01128341948752164
623,2019-08-09,3656.4,3658.8,3603.4,3621.6,67847,-0.004726833021875418
624,2019-08-12,3640.0,3677.4,3626.6,3672.8,73600,0.014137397835211032
625,2019-08-13,3655.0,3664.8,3636.8,3652.2,60091,-0.005608799825746124
626,2019-08-14,3698.0,3706.8,3671.4,3673.4,57209,0.005804720442473105
627,2019-08-15,3614.4,3698.4,3614.0,3688.4,47323,0.004083410464419884
628,2019-08-16,3678.0,3713.4,3658.2,3684.8,91313,-0.0009760329682246798
629,2019-08-19,3718.4,3787.4,3697.4,3783.4,108377,0.0267585757707338
630,2019-08-20,3772.4,3794.0,3771.0,3772.0,71017,-0.0030131627636517657
631,2019-08-21,3770.6,3782.8,3765.6,3775.0,56892,0.0007953340402969247
632,2019-08-22,3783.2,3785.6,3758.6,3777.2,67974,0.0005827814569535942
633,2019-08-23,3780.0,3824.0,3772.4,3805.2,94914,0.0074128984432913275
634,2019-08-26,3755.4,3777.6,3744.0,3762.2,84692,-0.011300325869862295
635,2019-08-27,3780.0,3850.8,3778.4,3803.4,112067,0.0109510392855245
636,2019-08-28,3812.8,3817.6,3786.0,3795.0,67796,-0.0022085502445180864
637,2019-08-29,3798.4,3800.2,3758.8,3782.2,81786,-0.003372859025032986
638,2019-08-30,3807.6,3829.6,3766.0,3791.8,88595,0.0025382052773519023
639,2019-09-02,3793.6,3858.0,3788.6,3832.6,87606,0.010760061184661565
640,2019-09-03,3839.8,3844.6,3823.0,3835.0,59650,0.0006262067525961726
641,2019-09-04,3842.0,3888.8,3835.4,3888.0,94788,0.013820078226857888
642,2019-09-05,3914.8,3980.6,3914.0,3923.6,109117,0.009156378600823021
643,2019-09-06,3941.0,3958.0,3928.2,3958.0,77323,0.008767458456519547
644,2019-09-09,3980.0,3983.8,3952.6,3968.2,77803,0.002577059120768019
645,2019-09-10,3976.2,3978.0,3938.2,3960.6,67884,-0.0019152260470742175
646,2019-09-11,3969.0,3972.6,3926.0,3933.8,80275,-0.006766651517446783
647,2019-09-12,3953.4,3987.6,3942.0,3976.8,72082,0.010930906502618333
648,2019-09-16,3976.8,3978.8,3938.6,3959.8,66673,-0.004274793804063568
649,2019-09-17,3949.8,3951.8,3875.6,3888.4,77870,-0.01803121369766152
650,2019-09-18,3903.4,3922.0,3898.6,3904.2,55124,0.004063367966258545
651,2019-09-19,3916.6,3925.0,3893.2,3925.0,44195,0.005327595922340091
652,2019-09-20,3930.6,3939.4,3922.0,3932.0,19946,0.0017834394904458599
653,2019-09-23,3912.2,3913.0,3867.6,3894.8,70709,-0.009460834181078286
654,2019-09-24,3902.0,3934.0,3889.2,3894.6,76051,-5.135051864030832e-05
655,2019-09-25,3884.6,3894.0,3868.6,3869.6,66731,-0.006419144456426848
656,2019-09-26,3885.0,3895.4,3841.8,3844.4,70645,-0.006512301013024555
657,2019-09-27,3852.2,3864.2,3840.2,3855.8,51720,0.0029653522006034987
658,2019-09-30,3850.0,3859.4,3792.6,3794.0,60415,-0.016027802271902116
659,2019-10-08,3811.0,3855.8,3810.0,3828.0,60198,0.008961518186610437
660,2019-10-09,3811.0,3839.6,3795.6,3832.8,60233,0.0012539184952978532
661,2019-10-10,3824.8,3871.2,3820.8,3863.8,64277,0.008088081820079316
662,2019-10-11,3875.8,3926.6,3857.2,3913.4,75644,0.012837103369739611
663,2019-10-14,3943.4,3988.6,3931.4,3945.2,77993,0.008125926304492187
664,2019-10-15,3943.0,3948.6,3931.0,3934.8,49238,-0.002636114772381536
665,2019-10-16,3938.8,3968.4,3915.0,3917.8,63102,-0.004320422893158483
666,2019-10-17,3925.6,3938.6,3913.0,3926.8,42843,0.002297207616519475
667,2019-10-18,3932.4,3944.8,3876.0,3880.6,19680,-0.01176530508301932
668,2019-10-21,3856.6,3875.0,3847.0,3866.8,52376,-0.0035561511106529217
669,2019-10-22,3879.0,3892.4,3852.4,3878.8,61352,0.0031033412640943414
670,2019-10-23,3874.0,3888.8,3843.0,3862.8,56407,-0.0041249871094152825
671,2019-10-24,3865.4,3884.8,3841.6,3870.4,65622,0.001967484726105392
672,2019-10-25,3864.0,3902.0,3837.2,3899.0,77655,0.007389417114510104
673,2019-10-28,3908.0,3930.0,3895.6,3919.0,67048,0.005129520389843549
674,2019-10-29,3920.4,3924.6,3903.6,3905.0,47765,-0.003572339882623118
675,2019-10-30,3900.2,3906.0,3870.0,3877.0,61555,-0.007170294494238156
676,2019-10-31,3891.6,3896.6,3865.0,3879.0,56173,0.0005158627805003869
677,2019-11-01,3875.0,3960.0,3866.6,3959.4,82327,0.02072699149265277
678,2019-11-04,3969.8,3982.8,3960.2,3974.2,58904,0.0037379400919330522
679,2019-11-05,3978.6,4039.8,3968.8,3996.4,80309,0.005586029892808685
680,2019-11-06,3999.0,4004.4,3969.4,3983.0,60617,-0.0033530177159443726
681,2019-11-07,3979.6,4014.0,3971.6,3990.2,68449,0.001807682651267843
682,2019-11-08,4015.4,4021.8,3967.2,3968.8,67445,-0.005363139692245912
683,2019-11-11,3940.0,3945.8,3894.0,3906.6,60327,-0.015672243499294566
684,2019-11-12,3913.0,3920.6,3876.8,3897.6,61805,-0.0023037935800952233
685,2019-11-13,3891.0,3905.8,3880.6,3900.0,51375,0.0006157635467980529
686,2019-11-14,3906.4,3915.6,3891.8,3900.0,39426,0.0
687,2019-11-15,3902.8,3915.0,3871.2,3879.0,71712,-0.005384615384615384
688,2019-11-18,3877.6,3919.6,3867.0,3908.8,71902,0.007682392369167358
689,2019-11-19,3904.6,3953.6,3902.2,3953.6,70905,0.011461318051575861
690,2019-11-20,3941.8,3947.4,3896.6,3907.8,64929,-0.011584378794010454
691,2019-11-21,3890.2,3906.6,3870.2,3888.4,67135,-0.004964430114130736
692,2019-11-22,3901.0,3928.8,3828.2,3839.6,99420,-0.012550149161608935
693,2019-11-25,3853.6,3877.8,3842.2,3873.4,67136,0.008803000312532602
694,2019-11-26,3890.0,3896.8,3860.8,3875.8,74863,0.0006196106779573735
695,2019-11-27,3873.0,3894.6,3854.8,3878.8,69213,0.0007740337478714072
696,2019-11-28,3874.8,3893.0,3856.2,3868.6,63075,-0.0026296792822523133
697,2019-11-29,3861.0,3872.0,3808.0,3827.4,83770,-0.010649847490048032
698,2019-12-02,3842.4,3854.8,3828.2,3838.0,57742,0.002769504102001335
699,2019-12-03,3828.6,3858.0,3812.0,3856.6,64798,0.004846274101094296
700,2019-12-04,3842.2,3854.8,3829.2,3852.4,61308,-0.0010890421614893476
701,2019-12-05,3864.0,3893.0,3861.4,3880.0,79769,0.00716436507112447
702,2019-12-06,3884.0,3910.6,3881.8,3909.6,64097,0.00762886597938142
703,2019-12-09,3915.8,3917.8,3888.6,3900.4,61481,-0.0023531819111929143
704,2019-12-10,3889.4,3910.0,3888.0,3903.0,53436,0.0006665982976104782
705,2019-12-11,3910.0,3913.6,3892.0,3909.2,59544,0.001588521650012764
706,2019-12-12,3915.0,3915.8,3894.0,3895.4,50172,-0.0035301340427708297
707,2019-12-13,3930.0,3988.0,3929.0,3979.6,79140,0.021615238486419833
708,2019-12-16,3969.0,3994.4,3960.4,3988.0,60507,0.0021107649009950978
709,2019-12-17,3991.6,4081.0,3987.2,4048.2,80657,0.015095285857572673
710,2019-12-18,4049.6,4068.0,4032.0,4038.4,55304,-0.0024208290104243187
711,2019-12-19,4038.0,4043.0,4019.0,4028.8,37220,-0.0023771790808240663
712,2019-12-20,4054.0,4068.8,4034.0,4035.0,62066,0.0015389197776012257
713,2019-12-23,4031.0,4053.0,3972.6,3979.4,73788,-0.013779429987608404
714,2019-12-24,3990.0,4008.6,3977.4,3998.4,48197,0.004774589134040308
715,2019-12-25,3996.0,4011.2,3982.4,4002.8,57465,0.0011004401760704508
716,2019-12-26,4005.0,4036.0,4003.6,4034.6,67695,0.00794443889277499
717,2019-12-27,4038.8,4083.0,4028.0,4028.0,88617,-0.001635849898378999
718,2019-12-30,4027.6,4106.2,4014.2,4090.8,89233,0.01559086395233371
719,2019-12-31,4090.0,4116.2,4077.4,4109.4,63615,0.004546787914344249
720,2020-01-02,4131.2,4190.6,4131.2,4160.4,81815,0.012410570886260769
721,2020-01-03,4171.2,4175.2,4145.2,4151.8,59449,-0.0020671089318333464
722,2020-01-06,4133.2,4184.8,4103.4,4132.6,84030,-0.004624500216773404
723,2020-01-07,4147.6,4173.8,4140.2,4162.4,67920,0.007210956782654811
724,2020-01-08,4137.0,4160.2,4105.2,4125.6,78425,-0.008841053238516066
725,2020-01-09,4153.0,4174.6,4145.2,4166.4,67568,0.009889470622454738
726,2020-01-10,4182.0,4188.6,4151.6,4165.0,58591,-0.0003360215053762568
727,2020-01-13,4173.4,4212.6,4149.6,4210.8,67535,0.010996398559423814
728,2020-01-14,4221.2,4235.0,4193.8,4198.8,53659,-0.002849814762040467
729,2020-01-15,4190.0,4204.2,4155.6,4163.2,55203,-0.008478612937029714
730,2020-01-16,4169.4,4173.2,4142.0,4157.4,40645,-0.0013931591083782143
731,2020-01-17,4169.0,4183.4,4144.4,4151.6,19173,-0.001395102708423359
732,2020-01-20,4186.0,4206.2,4166.2,4202.2,53915,0.012188072068599926
733,2020-01-21,4176.2,4179.0,4117.6,4123.4,63514,-0.018752082242634853
734,2020-01-22,4105.6,4155.0,4048.0,4136.4,77951,0.0031527380317213955
735,2020-01-23,4093.0,4106.0,3961.8,3994.2,79898,-0.034377719756309794
736,2020-02-03,3673.0,3746.0,3591.2,3591.2,87300,-0.10089629963446999
737,2020-02-04,3660.0,3782.2,3659.8,3766.8,87830,0.0488973045221654
738,2020-02-05,3787.6,3849.6,3766.0,3800.4,84416,0.00892003822873524
739,2020-02-06,3815.0,3917.4,3789.0,3891.8,92820,0.024050099989474816
740,2020-02-07,3870.2,3896.6,3843.6,3892.8,75548,0.00025695051133151753
741,2020-02-10,3865.8,3915.0,3855.8,3891.4,74000,-0.0003596383066173682
742,2020-02-11,3918.6,3956.0,3909.0,3935.6,72619,0.011358380017474384
743,2020-02-12,3924.2,3971.6,3921.2,3966.4,62759,0.007825998577091214
744,2020-02-13,3962.6,3986.8,3938.4,3953.0,64289,-0.003378378378378401
745,2020-02-14,3948.0,4002.8,3947.2,3983.8,68877,0.00779155072097146
746,2020-02-17,4000.4,4083.2,3996.0,4079.2,68545,0.023946985290426135
747,2020-02-18,4064.2,4075.0,4023.0,4046.2,58223,-0.008089821533634045
748,2020-02-19,4049.2,4082.2,4039.2,4049.2,48570,0.0007414364094706145
749,2020-02-20,4067.8,4158.8,4051.2,4138.4,90567,0.022029042773881218
750,2020-02-21,4130.2,4192.6,4130.0,4158.6,96644,0.004881113473806478
751,2020-02-24,4133.6,4152.0,4093.4,4120.0,102077,-0.009281969893714317
752,2020-02-25,4093.0,4128.0,4025.8,4117.0,119749,-0.0007281553398058253
753,2020-02-26,4075.0,4124.0,4052.8,4076.0,117949,-0.009958707796939519
754,2020-02-27,4089.0,4107.6,4070.2,4077.8,92617,0.00044160942100102596
755,2020-02-28,3992.2,4027.0,3908.0,3925.8,126109,-0.03727500122615136
756,2020-03-02,3967.6,4095.6,3965.2,4056.4,114169,0.033267104793927325
757,2020-03-03,4118.4,4147.6,4060.0,4072.4,106544,0.0039443841830194264
758,2020-03-04,4074.0,4106.6,4055.2,4106.2,94519,0.008299774088989227
759,2020-03-05,4146.0,4211.6,4116.4,4191.8,112069,0.02084652476742496
760,2020-03-06,4161.4,4169.8,4120.4,4120.8,90386,-0.016937831003387565
761,2020-03-09,4050.0,4052.0,3962.8,3977.8,108437,-0.034701999611725876
762,2020-03-10,4010.0,4095.0,3949.6,4072.2,131800,0.023731710996027864
763,2020-03-11,4067.2,4078.0,4001.0,4001.4,101183,-0.01738617946073369
764,2020-03-12,3956.0,3968.0,3896.2,3949.0,107443,-0.013095416604188557
765,2020-03-13,3751.2,3931.0,3716.0,3894.2,133433,-0.01387693086857437
766,2020-03-16,3872.6,3876.2,3691.0,3692.0,113253,-0.0519233732217143
767,2020-03-17,3799.0,3808.0,3608.2,3682.0,131932,-0.0027085590465872156
768,2020-03-18,3697.2,3765.6,3596.8,3610.0,117815,-0.01955458989679522
769,2020-03-19,3628.8,3654.4,3480.0,3584.0,90159,-0.007202216066481994
770,2020-03-20,3623.8,3640.0,3548.0,3624.0,123068,0.011160714285714286
771,2020-03-23,3506.0,3565.2,3477.0,3508.6,118573,-0.031843267108167796
772,2020-03-24,3590.0,3620.8,3527.0,3598.0,136783,0.025480248532178104
773,2020-03-25,3680.0,3715.0,3655.0,3687.2,127082,0.024791550861589722
774,2020-03-26,3660.0,3705.4,3653.8,3663.4,107586,-0.00645476242134946
775,2020-03-27,3705.0,3745.0,3680.0,3680.2,123358,0.004585903805208202
776,2020-03-30,3642.0,3678.8,3617.4,3662.8,108469,-0.004728003912830726
777,2020-03-31,3696.8,3705.2,3651.2,3652.0,102002,-0.002948563940155122
778,2020-04-01,3661.0,3718.8,3641.0,3648.2,113390,-0.00104052573932097
779,2020-04-02,3640.0,3728.0,3636.2,3726.8,115688,0.021544871443451664
780,2020-04-03,3708.2,3720.6,3675.0,3694.6,92865,-0.008640120210368217
781,2020-04-07,3775.4,3795.4,3764.2,3775.6,93993,0.02192388891896281
782,2020-04-08,3770.0,3779.0,3749.4,3764.8,81781,-0.0028604725076808264
783,2020-04-09,3784.6,3791.0,3770.4,3779.6,74387,0.003931151721206897
784,2020-04-10,3782.4,3813.2,3743.8,3763.2,99222,-0.0043390835008995906
785,2020-04-13,3746.8,3762.0,3734.8,3745.0,65187,-0.004836309523809475
786,2020-04-14,3770.2,3812.0,3759.0,3812.0,79296,0.01789052069425901
787,2020-04-15,3805.0,3820.2,3788.2,3789.4,67343,-0.005928646379853072
788,2020-04-16,3779.2,3805.2,3775.0,3796.8,52172,0.0019528157491951472
789,2020-04-17,3832.0,3861.0,3822.6,3850.4,24683,0.014117151285292853
790,2020-04-20,3804.8,3812.0,3785.8,3807.4,64035,-0.011167670891335964
791,2020-04-21,3794.0,3799.0,3729.0,3762.4,83329,-0.011819089142196775
792,2020-04-22,3740.0,3803.0,3740.0,3801.6,82359,0.01041888156495849
793,2020-04-23,3806.6,3814.4,3776.2,3788.8,72238,-0.0033670033670032953
794,2020-04-24,3780.8,3784.8,3760.4,3775.0,69684,-0.003642314189189237
795,2020-04-27,3785.0,3826.4,3774.4,3795.2,74968,0.005350993377483395
796,2020-04-28,3808.6,3834.8,3743.6,3816.8,96935,0.005691399662731968
797,2020-04-29,3819.8,3849.8,3810.8,3838.4,70166,0.005659190945294463
798,2020-04-30,3855.0,3911.8,3855.0,3904.6,81655,0.01724676948728632
799,2020-05-06,3860.0,3924.8,3857.8,3916.4,71890,0.003022076525124259
800,2020-05-07,3917.8,3920.8,3893.4,3908.6,60946,-0.0019916249616995663
801,2020-05-08,3929.0,3972.8,3924.2,3949.0,75192,0.010336181753057384
802,2020-05-11,3966.0,3994.0,3940.0,3947.0,69113,-0.0005064573309698658
803,2020-05-12,3954.4,3966.8,3926.8,3948.0,67049,0.0002533569799847986
804,2020-05-13,3937.2,3966.0,3922.4,3958.8,60476,0.0027355623100304414
805,2020-05-14,3942.8,3944.6,3922.2,3928.0,44982,-0.007780135394564055
806,2020-05-15,3901.4,3906.0,3861.0,3861.0,77917,-0.01705702647657841
807,2020-05-18,3871.8,3910.0,3856.8,3881.4,87290,0.005283605283605307
808,2020-05-19,3918.0,3930.8,3902.4,3911.8,66784,0.007832225485649531
809,2020-05-20,3916.2,3917.8,3891.8,3898.6,63599,-0.0033744056444604204
810,2020-05-21,3908.0,3913.4,3868.6,3870.2,67235,-0.007284666290463267
811,2020-05-22,3861.0,3866.0,3778.0,3783.0,92219,-0.022531135341842753
812,2020-05-25,3794.0,3801.4,3768.6,3792.6,74088,0.002537668517049936
813,2020-05-26,3813.0,3832.0,3808.8,3828.8,65443,0.009544903232610947
814,2020-05-27,3824.0,3826.6,3798.0,3811.2,63082,-0.004596740493104984
815,2020-05-28,3812.8,3855.8,3777.4,3815.8,100809,0.001206968933669281
816,2020-05-29,3795.4,3838.4,3790.6,3820.0,75609,0.0011006866187954867
817,2020-06-01,3871.0,3948.6,3870.0,3938.8,85326,0.031099476439790625
818,2020-06-02,3940.0,3964.4,3931.0,3955.0,64896,0.004112927795267548
819,2020-06-03,3978.0,3997.8,3950.8,3951.0,73738,-0.001011378002528445
820,2020-06-04,3970.0,3972.0,3941.4,3952.0,61208,0.0002531004808909137
821,2020-06-05,3962.0,3979.8,3938.6,3979.0,64971,0.0068319838056680165
822,2020-06-08,3995.0,4024.6,3982.6,3991.4,73774,0.003116360894697183
823,2020-06-09,3992.8,4026.0,3986.0,4014.8,74332,0.005862604599889786
824,2020-06-10,4020.0,4020.0,3999.0,4013.8,62926,-0.0002490784098834313
825,2020-06-11,4005.0,4024.0,3946.8,3965.0,88133,-0.012158054711246246
826,2020-06-12,3925.2,4004.0,3920.0,3986.2,85018,0.00534678436317776
827,2020-06-15,3966.0,3987.6,3926.6,3929.4,81545,-0.014249159600622079
828,2020-06-16,3980.0,4005.8,3974.2,4000.0,72249,0.017967119662034892
829,2020-06-17,3996.8,4009.0,3979.6,4007.0,55438,0.00175
830,2020-06-18,4000.0,4048.0,3991.8,4042.0,47873,0.00873471425006239
831,2020-06-19,3996.2,4070.6,3996.0,4046.8,88652,0.0011875309252845575
832,2020-06-22,4052.8,4087.8,4039.0,4051.2,78166,0.001087278837599989
833,2020-06-23,4029.2,4078.2,4024.6,4074.0,78935,0.005627962085308102
834,2020-06-24,4089.0,4110.0,4080.2,4109.6,67490,0.008738340697103672
835,2020-06-29,4100.8,4108.6,4052.2,4078.0,73040,-0.007689312828499212
836,2020-06-30,4099.8,4149.2,4099.0,4120.6,81335,0.010446297204512105
837,2020-07-01,4141.4,4233.6,4130.6,4218.8,103376,0.023831480852303015
838,2020-07-02,4220.0,4485.6,4215.6,4323.2,116273,0.024746373376315453
839,2020-07-03,4343.8,4413.8,4331.4,4407.0,113158,0.019383789785344233
840,2020-07-06,4460.0,4762.0,4458.8,4734.0,152936,0.0742001361470388
841,2020-07-07,4786.2,4818.0,4701.2,4712.2,144237,-0.00460498521335027
842,2020-07-08,4741.0,4810.0,4695.8,4759.6,128823,0.010058995798141112
843,2020-07-09,4748.0,4846.8,4743.0,4835.8,128161,0.016009748718379655
844,2020-07-10,4798.6,4819.0,4724.2,4745.0,118038,-0.018776624343438558
845,2020-07-13,4760.6,4887.6,4745.2,4838.0,120999,0.019599578503688094
846,2020-07-14,4825.0,4852.6,4716.6,4793.0,126167,-0.009301364200082679
847,2020-07-15,4815.6,4844.8,4718.4,4736.2,117188,-0.011850615480909698
848,2020-07-16,4742.0,4782.6,4485.0,4496.0,98371,-0.050715763692411604
849,2020-07-17,4533.0,4587.8,4483.0,4526.4,128547,0.006761565836298851
850,2020-07-20,4576.8,4661.0,4522.0,4644.8,126817,0.026157652880876757
851,2020-07-21,4671.0,4685.4,4633.0,4657.4,100894,0.0027127109886323315
852,2020-07-22,4657.8,4789.0,4645.4,4681.0,138215,0.005067204878258335
853,2020-07-23,4649.8,4719.4,4579.0,4688.6,149544,0.0016235847041231283
854,2020-07-24,4656.2,4670.0,4435.0,4465.0,156303,-0.04769014204666645
855,2020-07-27,4510.0,4544.0,4463.6,4497.0,112352,0.007166853303471445
856,2020-07-28,4544.8,4566.2,4496.6,4528.8,108155,0.007071380920613783
857,2020-07-29,4519.2,4676.8,4516.4,4672.4,132324,0.031708178767002174
858,2020-07-30,4673.0,4689.0,4631.2,4635.0,99456,-0.008004451673658
859,2020-07-31,4653.2,4745.6,4580.2,4659.6,149528,0.005307443365695871
860,2020-08-03,4728.2,4754.4,4697.0,4740.6,112875,0.017383466391964975
861,2020-08-04,4753.2,4783.0,4726.0,4756.6,109372,0.0033751001982871365
862,2020-08-05,4742.6,4767.4,4673.2,4742.0,115606,-0.003069419333137191
863,2020-08-06,4766.0,4772.8,4727.0,4732.0,131183,-0.002108814846056516
864,2020-08-07,4707.2,4715.0,4601.0,4684.0,133870,-0.01014370245139476
865,2020-08-10,4669.0,4741.0,4609.4,4700.0,117578,0.0034158838599487617
866,2020-08-11,4719.0,4779.0,4639.2,4652.8,118017,-0.010042553191489324
867,2020-08-12,4650.6,4661.8,4541.6,4626.8,124191,-0.0055880330123796425
868,2020-08-13,4645.6,4653.8,4595.8,4606.4,93849,-0.0044090948387655714
869,2020-08-14,4600.0,4718.0,4590.4,4717.4,112458,0.024096908648836405
870,2020-08-17,4735.0,4843.6,4718.8,4812.2,111121,0.020095815491584387
871,2020-08-18,4808.0,4829.0,4780.4,4803.6,76766,-0.0017871243921697881
872,2020-08-19,4803.6,4807.6,4724.8,4729.4,78970,-0.015446748272129386
873,2020-08-20,4691.2,4717.8,4656.6,4682.8,50653,-0.009853258341438546
874,2020-08-21,4691.6,4719.6,4650.6,4693.0,108473,0.0021781839924830907
875,2020-08-24,4724.0,4747.0,4687.4,4711.0,103937,0.0038354996803750267
876,2020-08-25,4728.0,4783.4,4708.4,4733.4,109513,0.004754829123328303
877,2020-08-26,4730.6,4762.0,4658.6,4674.0,121736,-0.012549119026492509
878,2020-08-27,4690.0,4713.8,4653.8,4710.4,99231,0.007787762088147119
879,2020-08-28,4707.8,4848.8,4693.2,4843.6,132054,0.02827785326086972
880,2020-08-31,4865.2,4898.0,4778.0,4786.0,119025,-0.011891981171029888
881,2020-09-01,4782.8,4828.8,4776.0,4826.0,94596,0.008357709987463435
882,2020-09-02,4843.2,4848.4,4761.4,4808.2,124238,-0.0036883547451305805
883,2020-09-03,4808.0,4855.0,4772.0,4798.6,121680,-0.001996589160184571
884,2020-09-04,4740.0,4768.0,4708.0,4752.8,110454,-0.009544450464718914
885,2020-09-07,4752.0,4778.2,4629.4,4645.6,123468,-0.02255512539976431
886,2020-09-08,4668.8,4698.8,4635.2,4680.8,108113,0.007577062166350916
887,2020-09-09,4635.0,4639.8,4543.8,4577.2,129797,-0.02213296872329524
888,2020-09-10,4615.8,4634.6,4561.0,4575.2,113035,-0.0004369483527047103
889,2020-09-11,4571.0,4625.4,4558.0,4612.6,97445,0.008174506032523288
890,2020-09-14,4636.0,4654.2,4613.0,4644.8,87341,0.0069808784633395085
891,2020-09-15,4639.8,4687.0,4624.4,4677.6,94615,0.0070616603513607
892,2020-09-16,4673.4,4676.4,4628.8,4648.2,79033,-0.006285274499743574
893,2020-09-17,4640.2,4664.6,4598.6,4625.6,61290,-0.0048620971558881836
894,2020-09-18,4609.8,4736.0,4604.0,4734.8,122641,0.02360774818401933
895,2020-09-21,4744.8,4752.6,4666.0,4673.6,92186,-0.012925572357860906
896,2020-09-22,4656.6,4698.0,4591.8,4617.8,105241,-0.011939404313591273
897,2020-09-23,4623.2,4646.0,4601.0,4621.2,78554,0.0007362813460954646
898,2020-09-24,4601.6,4607.8,4526.0,4548.4,105376,-0.015753483943564482
899,2020-09-25,4567.2,4587.6,4542.4,4563.4,84071,0.003297862984785859
900,2020-09-28,4580.8,4611.6,4558.6,4577.0,76978,0.0029802340360258503
901,2020-09-29,4600.0,4618.8,4580.2,4586.2,78297,0.0020100502512562417
902,2020-09-30,4607.2,4629.6,4536.8,4555.4,84333,-0.006715799572630976
903,2020-10-09,4648.4,4697.2,4645.6,4660.4,72793,0.023049567546208898
904,2020-10-12,4690.0,4824.0,4689.8,4819.6,85310,0.03416015792635841
905,2020-10-13,4808.2,4845.2,4788.6,4832.2,69106,0.0026143248402355906
906,2020-10-14,4823.2,4823.6,4793.2,4813.6,61885,-0.003849178428045084
907,2020-10-15,4813.8,4836.0,4790.0,4802.6,51864,-0.002285191956124314
908,2020-10-16,4806.2,4826.2,4763.0,4787.6,25192,-0.0031233082080539707
909,2020-10-19,4811.8,4843.4,4708.8,4731.6,99470,-0.01169688361600802
910,2020-10-20,4728.4,4768.0,4720.2,4762.0,60583,0.006424887987150147
911,2020-10-21,4777.0,4780.2,4723.0,4769.6,71633,0.0015959680806384637
912,2020-10-22,4750.0,4768.8,4696.0,4751.0,82988,-0.003899698087890046
913,2020-10-23,4752.0,4779.6,4698.4,4711.0,87647,-0.008419280151547043
914,2020-10-26,4680.0,4695.0,4621.0,4670.0,79087,-0.008703035448949268
915,2020-10-27,4670.0,4690.0,4650.6,4680.6,62007,0.0022698072805139966
916,2020-10-28,4680.6,4742.0,4665.2,4724.2,74786,0.00931504507969052
917,2020-10-29,4678.8,4791.8,4672.0,4770.4,90383,0.009779433554887562
918,2020-10-30,4769.8,4772.4,4668.8,4683.6,90118,-0.018195539158141722
919,2020-11-02,4699.0,4735.8,4686.2,4711.0,75501,0.005850200700315918
920,2020-11-03,4738.0,4794.0,4727.2,4756.8,84064,0.009721927403948245
921,2020-11-04,4762.0,4825.0,4752.8,4799.2,82044,0.008913555331315094
922,2020-11-05,4875.0,4884.6,4825.6,4875.0,84655,0.015794299049841677
923,2020-11-06,4889.8,4891.0,4832.6,4879.8,77260,0.0009846153846154219
924,2020-11-09,4940.0,5005.8,4926.8,4974.4,89857,0.01938604041149216
925,2020-11-10,4978.0,4982.4,4920.4,4950.0,74562,-0.004905114184625209
926,2020-11-11,4933.6,4957.6,4902.6,4907.4,69248,-0.00860606060606068
927,2020-11-12,4923.2,4928.6,4887.6,4902.6,64135,-0.0009781146839465446
928,2020-11-13,4880.0,4882.8,4812.8,4850.6,80957,-0.01060661689715661
929,2020-11-16,4886.6,4915.2,4842.2,4904.6,62624,0.011132643384323588
930,2020-11-17,4894.6,4898.0,4861.8,4891.6,58191,-0.002650572931533662
931,2020-11-18,4890.2,4916.6,4865.4,4885.6,53701,-0.0012265925259628751
932,2020-11-19,4873.4,4946.6,4870.0,4933.6,38248,0.009824791223186507
933,2020-11-20,4925.0,4943.4,4911.8,4937.2,69914,0.0007296902870114022
934,2020-11-23,4951.8,5032.0,4931.2,4995.0,99728,0.011707040427772864
935,2020-11-24,4990.4,5005.2,4960.6,4971.8,74934,-0.004644644644644608
936,2020-11-25,4992.0,5008.6,4908.0,4910.0,91506,-0.012430105796693387
937,2020-11-26,4915.0,4923.2,4871.8,4914.0,82445,0.000814663951120163
938,2020-11-27,4921.0,4990.0,4907.4,4987.8,90841,0.015018315018315055
939,2020-11-30,4997.0,5066.4,4956.2,4961.2,115805,-0.005333012550623594
940,2020-12-01,4974.0,5084.2,4966.4,5075.0,102523,0.022937998871240865
941,2020-12-02,5077.2,5095.8,5038.4,5064.4,93026,-0.002088669950738988
942,2020-12-03,5063.0,5082.4,5035.2,5062.2,81593,-0.00043440486533445583
943,2020-12-04,5057.2,5081.0,5009.0,5072.4,86988,0.002014934218324013
944,2020-12-07,5071.0,5074.6,5006.4,5028.2,87680,-0.008713823830928126
945,2020-12-08,5042.2,5052.4,5003.0,5013.8,77989,-0.0028638478978560192
946,2020-12-09,5029.0,5040.4,4943.6,4954.0,92734,-0.011927081255734209
947,2020-12-10,4945.8,4967.6,4926.0,4943.8,78835,-0.0020589422688736007
948,2020-12-11,4969.0,4970.0,4850.2,4887.4,91770,-0.011408228488207562
949,2020-12-14,4900.2,4936.0,4882.2,4931.8,68384,0.00908458485084105
950,2020-12-15,4923.6,4955.0,4898.6,4943.6,71476,0.002392635548886853
951,2020-12-16,4956.8,4964.4,4935.8,4955.0,60648,0.0023060118132534257
952,2020-12-17,4955.0,5030.8,4946.6,5029.8,53927,0.015095862764883993
953,2020-12-18,5019.0,5028.8,4969.0,4993.0,68830,-0.007316394290031449
954,2020-12-21,4988.8,5056.2,4958.2,5040.8,79009,0.009573402763869454
955,2020-12-22,5034.8,5048.6,4955.2,4965.0,79199,-0.015037295667354424
956,2020-12-23,4977.8,5033.0,4971.4,5001.8,82773,0.007411883182275968
957,2020-12-24,5002.0,5024.0,4975.0,5002.6,72642,0.0001599424207285741
958,2020-12-25,4981.6,5047.4,4973.6,5043.4,74189,0.008155759005317089
959,2020-12-28,5043.8,5095.0,5034.4,5064.2,76766,0.0041242019272713214
960,2020-12-29,5075.0,5088.6,5042.0,5052.2,71388,-0.002369574661348288
961,2020-12-30,5047.6,5119.0,5045.0,5115.8,75976,0.012588575274138071
962,2020-12-31,5129.8,5231.2,5123.0,5227.0,92827,0.021736580788928383
963,2021-01-04,5230.0,5298.8,5192.0,5260.0,84288,0.006313372871628085
964,2021-01-05,5250.0,5370.8,5238.8,5359.8,88203,0.018973384030418285
965,2021-01-06,5374.8,5443.4,5346.6,5408.4,94934,0.009067502518750598
966,2021-01-07,5426.8,5531.8,5410.4,5530.0,104541,0.022483544116559496
967,2021-01-08,5546.4,5563.6,5450.0,5505.4,104492,-0.004448462929475654
968,2021-01-11,5515.0,5552.2,5407.2,5436.8,109814,-0.012460493333817609
969,2021-01-12,5427.2,5597.0,5425.0,5596.8,100185,0.02942907592701589
970,2021-01-13,5598.0,5641.8,5539.0,5578.6,97993,-0.0032518582046883607
971,2021-01-14,5564.6,5569.0,5466.0,5478.4,72851,-0.01796149571577111
972,2021-01-15,5470.4,5507.0,5386.0,5438.6,29622,-0.007264894859812952
973,2021-01-18,5432.0,5545.6,5411.0,5508.0,88074,0.012760636928621269
974,2021-01-19,5524.0,5524.4,5413.4,5436.4,91256,-0.012999273783587575
975,2021-01-20,5439.0,5497.0,5428.0,5462.6,94321,0.004819365756750925
976,2021-01-21,5490.0,5590.2,5481.0,5550.0,101530,0.015999707099183472
977,2021-01-22,5547.2,5560.0,5496.0,5544.8,91686,-0.0009369369369369041
978,2021-01-25,5542.4,5619.0,5514.0,5589.0,98937,0.00797143269369496
979,2021-01-26,5561.2,5563.6,5483.6,5497.6,88020,-0.016353551619252036
980,2021-01-27,5510.0,5526.0,5450.6,5495.0,81017,-0.00047293364377189385
981,2021-01-28,5440.4,5448.2,5359.0,5376.0,93969,-0.02165605095541401
982,2021-01-29,5406.8,5419.0,5276.6,5342.4,103281,-0.006250000000000068
983,2021-02-01,5355.0,5408.6,5345.2,5406.0,78288,0.011904761904761973
984,2021-02-02,5418.2,5475.0,5409.0,5469.6,74266,0.011764705882353009
985,2021-02-03,5467.0,5507.6,5448.0,5473.8,74095,0.0007678806494076017
986,2021-02-04,5447.8,5499.8,5408.4,5472.2,89954,-0.0002923015090066067
987,2021-02-05,5490.4,5536.6,5467.4,5473.8,87445,0.00029238697416036766
988,2021-02-08,5503.8,5571.4,5480.4,5535.8,78561,0.011326683474003434
989,2021-02-09,5565.6,5675.6,5542.6,5671.4,74802,0.0244951045919288
990,2021-02-10,5691.0,5828.8,5680.6,5801.0,62540,0.022851500511337653
991,2021-02-18,5926.2,5928.8,5721.0,5747.2,44671,-0.009274263058093464
992,2021-02-19,5724.2,5763.0,5666.0,5746.2,109943,-0.0001739977728285078
993,2021-02-22,5759.0,5761.0,5570.0,5578.0,133089,-0.02927151856879326
994,2021-02-23,5554.6,5627.0,5536.0,5563.6,112716,-0.002581570455360279
995,2021-02-24,5581.0,5593.8,5364.0,5419.6,147627,-0.02588252210798763
996,2021-02-25,5476.6,5513.2,5427.0,5466.8,119545,0.008709129825079308
997,2021-02-26,5363.0,5408.8,5301.0,5315.0,134897,-0.02776761542401408
998,2021-03-01,5359.2,5398.0,5337.4,5391.2,102131,0.014336782690498555
999,2021-03-02,5413.8,5423.6,5260.0,5310.0,131005,-0.01506158183706778
1000,2021-03-03,5299.4,5415.0,5295.2,5411.0,102174,0.019020715630885122
1001,2021-03-04,5363.4,5373.0,5228.0,5268.6,126868,-0.026316762151173467
1002,2021-03-05,5200.0,5300.0,5156.8,5255.4,135023,-0.0025054094066736376
1003,2021-03-08,5291.2,5316.2,5045.2,5049.6,143486,-0.03915972142938678
1004,2021-03-09,5063.0,5088.0,4923.0,4966.2,165628,-0.016516159695817597
1005,2021-03-10,5031.8,5057.2,4972.0,4981.0,129551,0.0029801457855100845
1006,2021-03-11,5012.4,5123.0,5006.6,5112.0,125658,0.026299939771130296
1007,2021-03-12,5127.2,5131.6,5057.0,5120.0,115499,0.001564945226917058
1008,2021-03-15,5100.0,5105.0,4973.6,5028.8,122174,-0.017812499999999964
1009,2021-03-16,5043.8,5079.0,5004.0,5053.2,107522,0.004852052179446316
1010,2021-03-17,5041.0,5112.0,4997.0,5074.2,108935,0.004155782474471622
1011,2021-03-18,5098.0,5150.0,5097.2,5134.8,78755,0.011942769303535605
1012,2021-03-19,5072.0,5088.6,4997.2,5006.0,37518,-0.02508374230739273
1013,2021-03-22,4950.0,5017.8,4924.4,5000.6,99348,-0.001078705553335924
1014,2021-03-23,5010.0,5020.0,4915.0,4977.4,107857,-0.004639443266808129
1015,2021-03-24,4964.6,5006.4,4895.0,4917.4,112901,-0.012054486277976454
1016,2021-03-25,4909.8,4939.6,4872.6,4916.6,102740,-0.00016268759913760778
1017,2021-03-26,4941.0,5045.8,4941.0,5016.4,114974,0.020298580319733
1018,2021-03-29,5026.4,5054.8,4986.0,5012.0,97009,-0.0008771230364404028
1019,2021-03-30,5015.8,5073.8,5002.2,5052.0,91839,0.007980845969672785
1020,2021-03-31,5043.8,5046.8,4971.2,5017.2,93216,-0.006888361045130677
1021,2021-04-01,5035.6,5102.0,5026.2,5093.6,93055,0.015227616997528611
1022,2021-04-02,5106.2,5146.6,5087.0,5140.8,89971,0.009266530548138804
1023,2021-04-06,5150.0,5160.2,5090.0,5101.0,85118,-0.007741985683162189
1024,2021-04-07,5111.0,5117.8,5035.6,5068.0,86396,-0.00646931974122721
1025,2021-04-08,5050.0,5103.0,5028.4,5087.8,88682,0.003906866614048971
1026,2021-04-09,5075.0,5077.0,5004.6,5021.6,88322,-0.013011517748339129
1027,2021-04-12,5026.0,5040.6,4936.6,4952.2,99659,-0.013820296319898149
1028,2021-04-13,4966.2,4993.0,4930.0,4950.6,93314,-0.00032308872824188327
1029,2021-04-14,4958.4,4995.0,4949.2,4976.8,81650,0.005292287803498529
1030,2021-04-15,4968.2,4970.0,4896.4,4954.0,64765,-0.004581257032631446
1031,2021-04-16,4933.0,4952.0,4883.6,4938.4,93908,-0.0031489705288656367
1032,2021-04-19,4932.0,5082.0,4906.8,5072.8,113451,0.02721529240239765
1033,2021-04-20,5050.0,5102.2,5045.0,5063.8,86996,-0.0017741681122851285
1034,2021-04-21,5040.0,5089.0,5026.0,5068.0,84536,0.0008294166436272795
1035,2021-04-22,5095.0,5099.2,5039.2,5057.2,86313,-0.0021310181531176363
1036,2021-04-23,5070.0,5128.8,5056.2,5119.4,96021,0.012299296053151906
1037,2021-04-26,5140.0,5172.2,5037.2,5042.0,109495,-0.015118959253037396
1038,2021-04-27,5064.0,5075.8,5027.0,5059.2,81161,0.003411344704482312
1039,2021-04-28,5036.6,5105.6,5024.4,5103.6,90053,0.008776091081594037
1040,2021-04-29,5120.2,5165.6,5097.0,5157.6,93771,0.010580766517752175
1041,2021-04-30,5145.0,5157.6,5072.0,5106.8,93867,-0.00984954242283236
1042,2021-05-06,5102.0,5131.8,5020.6,5046.0,100033,-0.011905694368293291
1043,2021-05-07,5064.0,5084.6,4978.0,4981.6,95341,-0.012762584225128742
1044,2021-05-10,4998.0,5012.2,4936.6,4988.6,88572,0.0014051710293881484
1045,2021-05-11,4956.2,5034.4,4916.4,5017.6,93994,0.005813254219620735
1046,2021-05-12,5004.6,5052.0,4982.4,5045.6,82142,0.005580357142857142
1047,2021-05-13,5000.0,5018.4,4961.6,4992.8,88074,-0.010464563183764108
1048,2021-05-14,5008.8,5122.2,4981.0,5121.4,99360,0.025757090209902148
1049,2021-05-17,5118.0,5213.2,5116.0,5186.2,86308,0.012652790252665323
1050,2021-05-18,5200.8,5214.8,5166.0,5186.8,65718,0.0001156916432070425
1051,2021-05-19,5172.4,5195.0,5148.8,5173.0,57313,-0.002660599984576267
1052,2021-05-20,5174.0,5201.2,5144.4,5183.8,46279,0.002087763386816196
1053,2021-05-21,5190.0,5209.6,5093.6,5106.4,119574,-0.014931131602299577
1054,2021-05-24,5118.6,5135.6,5066.2,5135.2,96425,0.005639981200062702
1055,2021-05-25,5145.4,5331.0,5140.2,5315.8,134315,0.03516902944383868
1056,2021-05-26,5320.6,5343.6,5301.2,5315.8,90262,0.0
1057,2021-05-27,5307.2,5382.4,5279.8,5333.0,108424,0.00323563715715411
1058,2021-05-28,5331.6,5358.6,5281.4,5314.0,108613,-0.0035627226701668855
1059,2021-05-31,5310.0,5325.0,5270.4,5319.8,85946,0.0010914565299209977
1060,2021-06-01,5311.0,5331.8,5251.2,5323.0,107218,0.0006015263731718896
1061,2021-06-02,5332.8,5337.8,5248.2,5280.8,106742,-0.00792786022919403
1062,2021-06-03,5281.0,5299.6,5231.8,5233.2,104540,-0.009013785790031882
1063,2021-06-04,5220.0,5332.6,5206.4,5269.2,131409,0.00687915615684476
1064,2021-06-07,5273.0,5277.8,5224.0,5263.8,81103,-0.0010248235026189244
1065,2021-06-08,5262.0,5318.2,5185.8,5219.8,116983,-0.008358980204415061
1066,2021-06-09,5212.2,5244.4,5204.0,5230.6,84190,0.0020690447909881954
1067,2021-06-10,5230.0,5302.0,5221.2,5268.6,111800,0.007264940924559323
1068,2021-06-11,5275.4,5285.0,5211.2,5216.2,95326,-0.009945716129522176
1069,2021-06-15,5218.4,5230.0,5128.2,5157.2,94147,-0.011310915992484951
1070,2021-06-16,5160.0,5162.4,5067.0,5081.0,85740,-0.014775459551694682
1071,2021-06-17,5075.0,5119.0,5074.6,5093.0,61557,0.002361739814997048
1072,2021-06-18,5097.8,5131.2,5064.6,5094.6,30137,0.00031415668564703785
1073,2021-06-21,5060.0,5096.8,5022.2,5062.2,93196,-0.00635967494994711
1074,2021-06-22,5080.0,5093.8,5044.4,5080.2,91228,0.0035557662676306747
1075,2021-06-23,5087.0,5147.0,5075.6,5116.6,96812,0.0071650722412504525
1076,2021-06-24,5127.0,5135.0,5096.2,5133.6,67159,0.0033225188601805886
1077,2021-06-25,5136.2,5242.8,5136.2,5220.0,93241,0.016830294530154204
1078,2021-06-28,5233.0,5241.0,5202.4,5223.0,65842,0.0005747126436781609
1079,2021-06-29,5219.0,5220.2,5157.0,5163.8,75592,-0.01133448209841084
1080,2021-06-30,5170.4,5212.0,5168.6,5192.6,70531,0.005577288043688791
1081,2021-07-01,5215.0,5221.0,5130.0,5155.6,103627,-0.007125524785271347
1082,2021-07-02,5150.0,5155.0,5041.4,5045.2,96721,-0.021413608503375075
1083,2021-07-05,5047.8,5073.4,5029.6,5062.0,68650,0.0033298977245699245
1084,2021-07-06,5066.2,5075.0,5012.0,5067.0,90623,0.0009877518767285659
1085,2021-07-07,5040.8,5145.0,5036.4,5124.2,93770,0.01128873100453914
1086,2021-07-08,5130.8,5136.2,5062.0,5076.4,81035,-0.00932828539089032
1087,2021-07-09,5060.2,5072.0,4995.0,5051.0,94500,-0.005003545819872279
1088,2021-07-12,5086.0,5150.6,5060.6,5112.0,101679,0.012076816471985746
1089,2021-07-13,5115.0,5158.4,5107.4,5134.0,77109,0.004303599374021909
1090,2021-07-14,5118.4,5121.6,5062.8,5075.0,80921,-0.011492014024152708
1091,2021-07-15,5078.6,5155.0,5060.0,5145.8,61383,0.013950738916256193
1092,2021-07-16,5115.4,5129.4,5067.0,5074.4,75379,-0.013875393524816461
1093,2021-07-19,5063.0,5108.6,5018.6,5097.8,89767,0.004611382626517529
1094,2021-07-20,5075.0,5103.4,5055.4,5087.2,71109,-0.0020793283377143795
1095,2021-07-21,5104.2,5152.0,5101.0,5120.8,86017,0.006604812077370728
1096,2021-07-22,5129.6,5154.0,5116.4,5126.2,66598,0.0010545227308232379
1097,2021-07-23,5118.0,5125.8,5061.2,5073.2,79982,-0.010339042565643167
1098,2021-07-26,5051.0,5052.4,4842.2,4892.0,112598,-0.03571710163210593
1099,2021-07-27,4892.6,4917.2,4695.2,4720.4,111570,-0.03507767784137374
1100,2021-07-28,4734.6,4764.8,4656.6,4737.6,113189,0.0036437590034744363
1101,2021-07-29,4821.0,4824.4,4772.4,4804.8,85098,0.014184397163120527
1102,2021-07-30,4760.0,4791.4,4726.4,4773.6,82653,-0.006493506493506456
1103,2021-08-02,4770.0,4911.0,4736.0,4891.4,105148,0.024677392324450993
1104,2021-08-03,4878.4,4919.2,4855.8,4903.4,78474,0.002453285357975222
1105,2021-08-04,4893.0,4949.2,4888.8,4923.2,73095,0.004038014438960759
1106,2021-08-05,4893.4,4947.2,4879.0,4893.4,75627,-0.0060529736756581454
1107,2021-08-06,4900.0,4903.4,4857.0,4891.6,70208,-0.00036784239996715424
1108,2021-08-09,4866.0,4976.8,4850.0,4943.2,87536,0.010548695723280615
1109,2021-08-10,4938.4,5018.0,4906.2,5013.2,89894,0.014160867454280628
1110,2021-08-11,5002.2,5031.6,4971.2,4973.4,69057,-0.007939040931939716
1111,2021-08-12,4962.8,4985.2,4940.2,4949.0,57981,-0.004906100454417428
1112,2021-08-13,4940.0,4979.4,4901.4,4933.4,73198,-0.00315215194988894
1113,2021-08-16,4923.6,4964.0,4915.4,4934.2,67567,0.00016215997081124215
1114,2021-08-17,4933.0,4968.0,4814.2,4825.8,83060,-0.0219691135341088
1115,2021-08-18,4839.8,4911.6,4819.0,4879.0,65490,0.011024078909196365
1116,2021-08-19,4861.4,4882.2,4823.0,4853.0,46233,-0.005328960852633737
1117,2021-08-20,4800.0,4803.4,4680.6,4718.0,114753,-0.027817844632186277
1118,2021-08-23,4747.2,4812.2,4729.2,4789.8,90998,0.015218312844425643
1119,2021-08-24,4811.0,4874.4,4805.6,4851.8,88831,0.012944173034364691
1120,2021-08-25,4866.8,4866.8,4825.0,4851.2,70427,-0.00012366544375290897
1121,2021-08-26,4842.4,4846.6,4760.0,4775.8,86799,-0.015542546174142406
1122,2021-08-27,4770.4,4848.2,4770.0,4795.2,94340,0.004062146656057548
1123,2021-08-30,4816.0,4826.2,4750.0,4777.0,94176,-0.0037954621287954243
1124,2021-08-31,4782.0,4802.4,4706.0,4778.4,104376,0.00029307096504074446
1125,2021-09-01,4767.2,4898.6,4737.2,4856.4,130017,0.01632345554997489
1126,2021-09-02,4855.0,4879.0,4830.2,4854.2,73853,-0.00045301046042332143
1127,2021-09-03,4862.2,4884.8,4821.0,4835.2,96552,-0.003914136211940176
1128,2021-09-06,4837.8,4938.0,4831.0,4914.0,96949,0.01629715420251493
1129,2021-09-07,4919.6,5009.8,4896.4,4984.4,96791,0.014326414326414252
1130,2021-09-08,4982.8,5014.4,4946.0,4961.0,76587,-0.0046946472995746
1131,2021-09-09,4948.0,4963.0,4920.4,4958.8,70316,-0.00044345898004430925
1132,2021-09-10,4959.8,5053.0,4959.0,5016.8,100736,0.011696378156005485
1133,2021-09-13,5004.8,5036.0,4955.8,4985.2,82597,-0.006298835911337977
1134,2021-09-14,4989.2,5008.6,4898.6,4917.2,92838,-0.013640375511514083
1135,2021-09-15,4909.8,4909.8,4839.2,4869.8,76971,-0.009639632311071268
1136,2021-09-16,4873.8,4886.6,4805.6,4812.6,61240,-0.011745862253069903
1137,2021-09-17,4802.0,4858.0,4780.0,4848.2,83240,0.0073972488883346735
1138,2021-09-22,4777.8,4834.0,4767.4,4814.6,79208,-0.006930407161420621
1139,2021-09-23,4838.0,4878.2,4821.4,4838.4,70537,0.004943297470194672
1140,2021-09-24,4831.0,4900.0,4831.0,4857.2,80688,0.0038855820105820485
1141,2021-09-27,4879.8,4927.2,4843.6,4891.4,98399,0.0070410936341925015
1142,2021-09-28,4874.0,4909.6,4851.0,4877.2,72042,-0.0029030543402706424
1143,2021-09-29,4850.0,4877.8,4797.8,4854.0,92023,-0.004756827688017678
